file,label
ATMS/4_ATMS_5aca7908b20e631727ec228f6040b915be456bec42e5fd4b7867d371ef4f2b23-2.jpg,0
ATMS/4_ATMS_abccf92547b16aee3ff179f34d73360443cea2ee98fd106d579fbb6f69f30416-3.jpg,1
ATMS/4_ATMS_8dd5d6a43ff6ee2f7111d214110f9cbf04eec11ed7511886b4ab4af1414ea703-0.jpg,0
ATMS/4_ATMS_36733725a348857b6526f9e68559074bc36f1ea0b7f90eaae590fec37a38fd2d-3.jpg,1
ATMS/4_ATMS_267aa217f8faefcb3fc18f9cd6cb9b276448e8bc94a3b0becdda1256012ca6a5-0.jpg,0
ATMS/4_ATMS_337e9c9c510f8c4d333f3ff466d0cd8746cae2ddd32b7049aa04dfdd65329b83-2.jpg,0
ATMS/4_ATMS_6e409e947703b6eecfdfd6a208ddfa758aef930a3082489472b6d919a090b622-2.jpg,0
ATMS/4_ATMS_fc33342d9c3d686dd92a44d98764525e9cdfb267437152c8888b524374dd1971-1.png,1
ATMS/4_ATMS_7a310065dbed0ffd76ad569071518114a21540d1bc9dee59ada038d1d12d53df-1.jpg,0
ATMS/4_ATMS_832e3fa3f622862282b616892cc5a0ce07bb9471300356f7859c125f9c657d57-5.jpg,0
ATMS/4_ATMS_85a29d001eb589b64fd527fa44d39a174f012ccd72700662e5469ee84855b053-1.jpg,1
ATMS/4_ATMS_55e2bd70537bbc2806b3b98fc47ef045551d754c175bf8feb0544150a96cc0d3-2.jpg,1
ATMS/4_ATMS_cfdb4e249b480a9aa5257a8ef89a8a3a6de0d4c335228261c952d2b32af1ccab-2.jpg,1
ATMS/4_ATMS_a98e33127ca92078cab29e29621d6678963393e59b32fb1625068ebbece947a8-1.jpg,0
ATMS/4_ATMS_53194b1c09038e7cd2b333126a872ebf21f9fb28b8313cdaee7cd33fe53d4c47-1.jpg,0
ATMS/4_ATMS_67cd901c7f01475e15eec7966c0953bfc2a9f22c39f5599c8777c8d344e66faf-2.jpg,0
ATMS/4_ATMS_2dd48c4d706830db21ac6d8249f2db0cb5df95ef2d4de3c010d7b1446a8f6cf5-0.jpg,0
ATMS/4_ATMS_2dd48c4d706830db21ac6d8249f2db0cb5df95ef2d4de3c010d7b1446a8f6cf5-1.jpg,0
ATMS/4_ATMS_53194b1c09038e7cd2b333126a872ebf21f9fb28b8313cdaee7cd33fe53d4c47-0.jpg,0
ATMS/4_ATMS_95a392407be30dc5b288ad4dfb0c2e6159957e2f73c31457247e78b6bf454e22-2.jpg,0
ATMS/4_ATMS_a98e33127ca92078cab29e29621d6678963393e59b32fb1625068ebbece947a8-0.jpg,0
ATMS/4_ATMS_7a310065dbed0ffd76ad569071518114a21540d1bc9dee59ada038d1d12d53df-0.png,0
ATMS/4_ATMS_85a29d001eb589b64fd527fa44d39a174f012ccd72700662e5469ee84855b053-0.jpg,0
ATMS/4_ATMS_55e2bd70537bbc2806b3b98fc47ef045551d754c175bf8feb0544150a96cc0d3-3.jpg,0
ATMS/4_ATMS_832e3fa3f622862282b616892cc5a0ce07bb9471300356f7859c125f9c657d57-4.jpg,0
ATMS/4_ATMS_cfdb4e249b480a9aa5257a8ef89a8a3a6de0d4c335228261c952d2b32af1ccab-3.png,0
ATMS/4_ATMS_6e409e947703b6eecfdfd6a208ddfa758aef930a3082489472b6d919a090b622-3.jpg,0
ATMS/4_ATMS_337e9c9c510f8c4d333f3ff466d0cd8746cae2ddd32b7049aa04dfdd65329b83-3.jpg,0
ATMS/4_ATMS_36733725a348857b6526f9e68559074bc36f1ea0b7f90eaae590fec37a38fd2d-2.jpg,0
ATMS/4_ATMS_267aa217f8faefcb3fc18f9cd6cb9b276448e8bc94a3b0becdda1256012ca6a5-1.jpg,1
ATMS/4_ATMS_8dd5d6a43ff6ee2f7111d214110f9cbf04eec11ed7511886b4ab4af1414ea703-1.jpg,0
ATMS/4_ATMS_abccf92547b16aee3ff179f34d73360443cea2ee98fd106d579fbb6f69f30416-2.jpg,0
ATMS/4_ATMS_fc33342d9c3d686dd92a44d98764525e9cdfb267437152c8888b524374dd1971-0.jpg,0
ATMS/4_ATMS_3d18555b94ac439c5220c2d09f9477026c4a5b58d6a9b63023dce51a9b70a782-0.jpg,0
ATMS/4_ATMS_3d18555b94ac439c5220c2d09f9477026c4a5b58d6a9b63023dce51a9b70a782-2.jpg,0
ATMS/4_ATMS_abccf92547b16aee3ff179f34d73360443cea2ee98fd106d579fbb6f69f30416-0.jpg,0
ATMS/4_ATMS_8dd5d6a43ff6ee2f7111d214110f9cbf04eec11ed7511886b4ab4af1414ea703-3.jpg,0
ATMS/4_ATMS_5aca7908b20e631727ec228f6040b915be456bec42e5fd4b7867d371ef4f2b23-1.jpg,1
ATMS/4_ATMS_267aa217f8faefcb3fc18f9cd6cb9b276448e8bc94a3b0becdda1256012ca6a5-3.jpg,0
ATMS/4_ATMS_6609cb74d0732f79bd837eab4594f5d97f42dbead33b36f7d52adafe3c6f16b3-4.jpg,1
ATMS/4_ATMS_f90ea9615ef8722e8b4b8d0b181c58939d35367c86777442d9abc3cb5797d908-1.jpg,0
ATMS/4_ATMS_4276f9490cb814d0032cf66ac226ce760dd8b5b48d4d7a0d08a4ea53acd4216f-4.png,0
ATMS/4_ATMS_337e9c9c510f8c4d333f3ff466d0cd8746cae2ddd32b7049aa04dfdd65329b83-1.jpg,0
ATMS/4_ATMS_6e409e947703b6eecfdfd6a208ddfa758aef930a3082489472b6d919a090b622-1.jpg,0
ATMS/4_ATMS_7a310065dbed0ffd76ad569071518114a21540d1bc9dee59ada038d1d12d53df-2.jpg,0
ATMS/4_ATMS_eda043befa0b0476356777f435c5271fc9304b75630526eae9985a622f7aba2f-0.jpg,0
ATMS/4_ATMS_cd94cd1c7edd8126c7cdea7448591e570dd5d39b1f309cff3508189b1b43705f-1.jpg,0
ATMS/4_ATMS_55e2bd70537bbc2806b3b98fc47ef045551d754c175bf8feb0544150a96cc0d3-1.jpg,1
ATMS/4_ATMS_85a29d001eb589b64fd527fa44d39a174f012ccd72700662e5469ee84855b053-2.jpg,0
ATMS/4_ATMS_cfdb4e249b480a9aa5257a8ef89a8a3a6de0d4c335228261c952d2b32af1ccab-1.jpg,0
ATMS/4_ATMS_2dd48c4d706830db21ac6d8249f2db0cb5df95ef2d4de3c010d7b1446a8f6cf5-3.jpg,0
ATMS/4_ATMS_95a392407be30dc5b288ad4dfb0c2e6159957e2f73c31457247e78b6bf454e22-0.jpg,0
ATMS/4_ATMS_67cd901c7f01475e15eec7966c0953bfc2a9f22c39f5599c8777c8d344e66faf-1.jpg,1
ATMS/4_ATMS_67cd901c7f01475e15eec7966c0953bfc2a9f22c39f5599c8777c8d344e66faf-0.jpg,0
ATMS/4_ATMS_53194b1c09038e7cd2b333126a872ebf21f9fb28b8313cdaee7cd33fe53d4c47-3.jpg,0
ATMS/4_ATMS_95a392407be30dc5b288ad4dfb0c2e6159957e2f73c31457247e78b6bf454e22-1.jpg,0
ATMS/4_ATMS_cfdb4e249b480a9aa5257a8ef89a8a3a6de0d4c335228261c952d2b32af1ccab-0.jpg,0
ATMS/4_ATMS_a98e33127ca92078cab29e29621d6678963393e59b32fb1625068ebbece947a8-3.jpg,0
ATMS/4_ATMS_55e2bd70537bbc2806b3b98fc47ef045551d754c175bf8feb0544150a96cc0d3-0.jpg,0
ATMS/4_ATMS_85a29d001eb589b64fd527fa44d39a174f012ccd72700662e5469ee84855b053-3.jpg,0
ATMS/4_ATMS_2dd48c4d706830db21ac6d8249f2db0cb5df95ef2d4de3c010d7b1446a8f6cf5-2.png,1
ATMS/4_ATMS_eda043befa0b0476356777f435c5271fc9304b75630526eae9985a622f7aba2f-1.jpg,0
ATMS/4_ATMS_cd94cd1c7edd8126c7cdea7448591e570dd5d39b1f309cff3508189b1b43705f-0.jpg,0
ATMS/4_ATMS_7a310065dbed0ffd76ad569071518114a21540d1bc9dee59ada038d1d12d53df-3.jpg,1
ATMS/4_ATMS_3d18555b94ac439c5220c2d09f9477026c4a5b58d6a9b63023dce51a9b70a782-3.png,1
ATMS/4_ATMS_6e409e947703b6eecfdfd6a208ddfa758aef930a3082489472b6d919a090b622-0.jpg,0
ATMS/4_ATMS_4276f9490cb814d0032cf66ac226ce760dd8b5b48d4d7a0d08a4ea53acd4216f-5.jpg,0
ATMS/4_ATMS_337e9c9c510f8c4d333f3ff466d0cd8746cae2ddd32b7049aa04dfdd65329b83-0.jpg,0
ATMS/4_ATMS_267aa217f8faefcb3fc18f9cd6cb9b276448e8bc94a3b0becdda1256012ca6a5-2.jpg,0
ATMS/4_ATMS_5aca7908b20e631727ec228f6040b915be456bec42e5fd4b7867d371ef4f2b23-0.jpg,0
ATMS/4_ATMS_8dd5d6a43ff6ee2f7111d214110f9cbf04eec11ed7511886b4ab4af1414ea703-2.jpg,0
ATMS/4_ATMS_abccf92547b16aee3ff179f34d73360443cea2ee98fd106d579fbb6f69f30416-1.jpg,0
ATMS/4_ATMS_141a4a58d9e447ccf106df2d5ff52f39f09194b869bccf7980befe4e4a004c41-0.jpg,0
ATMS/4_ATMS_620934c4764d1d0d2745d66cebce29314dcd1a051ae375709d23ed58e222aafc-2.jpg,0
ATMS/4_ATMS_abccf92547b16aee3ff179f34d73360443cea2ee98fd106d579fbb6f69f30416-5.jpg,0
ATMS/4_ATMS_1ec676d0518acde5eb80030d27a40a72b1c226f617b4471f4cd8e98a9091c728-1.jpg,0
ATMS/4_ATMS_4276f9490cb814d0032cf66ac226ce760dd8b5b48d4d7a0d08a4ea53acd4216f-1.jpg,0
ATMS/4_ATMS_6e409e947703b6eecfdfd6a208ddfa758aef930a3082489472b6d919a090b622-4.jpg,0
ATMS/4_ATMS_337e9c9c510f8c4d333f3ff466d0cd8746cae2ddd32b7049aa04dfdd65329b83-4.jpg,0
ATMS/4_ATMS_bbab3248726b90e80b557d3db566a093fa1bb6bafd87ffaf2b9a9114d11d66f5-3.jpg,0
ATMS/4_ATMS_64e8b94cbb96b46dab8d21a5f479ad0fd397a944671a4c3c5e3c1abd791950fb-2.jpg,0
ATMS/4_ATMS_66653ca7219076f2ff6b1884af8609e4eff5c195abb50f3824a52084d03c9f56-1.jpg,0
ATMS/4_ATMS_63ae242e1c60969a00e68320a8fd8e503e1be1d9296e9604fce8df30518dd93e-0.jpg,0
ATMS/4_ATMS_55e2bd70537bbc2806b3b98fc47ef045551d754c175bf8feb0544150a96cc0d3-4.jpg,0
ATMS/4_ATMS_725989e9d5d83fb07a34fe601c428b0186b65e099aa3d41007e103ab1a73da05-1.jpg,0
ATMS/4_ATMS_1889ce1a0eec5e28ce1ef05736520934aa75e1ae5efb310e91576e591ae59f82-0.png,0
ATMS/4_ATMS_9a9e0e66e66853f59732251e6b32f8407df3b7ba99b93337bbe2bb3221ff1065-0.jpg,0
ATMS/4_ATMS_2750fe9ad9942fcdc4224ffa25e393b4fd9992a6767619da0a8af82361dddacc-3.jpg,0
ATMS/4_ATMS_40abfc365aa408bda1a1be269f592d52d3b44d2f812a5c4f77941335212a1273-2.jpg,0
ATMS/4_ATMS_cfdb4e249b480a9aa5257a8ef89a8a3a6de0d4c335228261c952d2b32af1ccab-4.jpg,0
ATMS/4_ATMS_cfdb4e249b480a9aa5257a8ef89a8a3a6de0d4c335228261c952d2b32af1ccab-5.jpg,0
ATMS/4_ATMS_2750fe9ad9942fcdc4224ffa25e393b4fd9992a6767619da0a8af82361dddacc-2.jpg,0
ATMS/4_ATMS_63ae242e1c60969a00e68320a8fd8e503e1be1d9296e9604fce8df30518dd93e-1.png,1
ATMS/4_ATMS_725989e9d5d83fb07a34fe601c428b0186b65e099aa3d41007e103ab1a73da05-0.jpg,0
ATMS/4_ATMS_1889ce1a0eec5e28ce1ef05736520934aa75e1ae5efb310e91576e591ae59f82-1.png,0
ATMS/4_ATMS_55e2bd70537bbc2806b3b98fc47ef045551d754c175bf8feb0544150a96cc0d3-5.jpg,0
ATMS/4_ATMS_ea32b886e46b32725d368e293e44eb2e8d5a6a89e433db8968c5d3bcdb50c18d-2.jpg,0
ATMS/4_ATMS_64e8b94cbb96b46dab8d21a5f479ad0fd397a944671a4c3c5e3c1abd791950fb-3.jpg,0
ATMS/4_ATMS_bbab3248726b90e80b557d3db566a093fa1bb6bafd87ffaf2b9a9114d11d66f5-2.jpg,1
ATMS/4_ATMS_337e9c9c510f8c4d333f3ff466d0cd8746cae2ddd32b7049aa04dfdd65329b83-5.jpg,0
ATMS/4_ATMS_6e409e947703b6eecfdfd6a208ddfa758aef930a3082489472b6d919a090b622-5.jpg,0
ATMS/4_ATMS_4276f9490cb814d0032cf66ac226ce760dd8b5b48d4d7a0d08a4ea53acd4216f-0.jpg,0
ATMS/4_ATMS_1ec676d0518acde5eb80030d27a40a72b1c226f617b4471f4cd8e98a9091c728-0.jpg,0
ATMS/4_ATMS_abccf92547b16aee3ff179f34d73360443cea2ee98fd106d579fbb6f69f30416-4.jpg,0
ATMS/4_ATMS_6609cb74d0732f79bd837eab4594f5d97f42dbead33b36f7d52adafe3c6f16b3-0.jpg,0
ATMS/4_ATMS_36733725a348857b6526f9e68559074bc36f1ea0b7f90eaae590fec37a38fd2d-4.jpg,0
ATMS/4_ATMS_9ec1a7b7c2c0bb0369f6f4d328a0c237d94dae6d82839daa211035ec1891f03c-0.jpg,0
ATMS/4_ATMS_e338933f4db254e0ccf16f8bacb03709d6efe48e891fd013876dc189a7510e82-3.jpg,0
ATMS/4_ATMS_620934c4764d1d0d2745d66cebce29314dcd1a051ae375709d23ed58e222aafc-3.jpg,0
ATMS/4_ATMS_141a4a58d9e447ccf106df2d5ff52f39f09194b869bccf7980befe4e4a004c41-1.jpg,0
ATMS/4_ATMS_3d18555b94ac439c5220c2d09f9477026c4a5b58d6a9b63023dce51a9b70a782-4.jpg,0
ATMS/4_ATMS_fc33342d9c3d686dd92a44d98764525e9cdfb267437152c8888b524374dd1971-4.jpg,0
ATMS/4_ATMS_620934c4764d1d0d2745d66cebce29314dcd1a051ae375709d23ed58e222aafc-1.jpg,0
ATMS/4_ATMS_dd6ee0bbfd0b40d2322406866fcfabe7a914c614a7c4a10d54275be6af25a23e-1.jpg,0
ATMS/4_ATMS_a115ee1dca137fcde807890f9f4a959d1b9a38a0bc88a63097c319b12f0f52a0-0.jpg,0
ATMS/4_ATMS_4276f9490cb814d0032cf66ac226ce760dd8b5b48d4d7a0d08a4ea53acd4216f-2.jpg,0
ATMS/4_ATMS_bbab3248726b90e80b557d3db566a093fa1bb6bafd87ffaf2b9a9114d11d66f5-0.jpg,0
ATMS/4_ATMS_9a9e0e66e66853f59732251e6b32f8407df3b7ba99b93337bbe2bb3221ff1065-3.png,0
ATMS/4_ATMS_64e8b94cbb96b46dab8d21a5f479ad0fd397a944671a4c3c5e3c1abd791950fb-1.jpg,0
ATMS/4_ATMS_66653ca7219076f2ff6b1884af8609e4eff5c195abb50f3824a52084d03c9f56-2.jpg,0
ATMS/4_ATMS_ea32b886e46b32725d368e293e44eb2e8d5a6a89e433db8968c5d3bcdb50c18d-0.jpg,0
ATMS/4_ATMS_832e3fa3f622862282b616892cc5a0ce07bb9471300356f7859c125f9c657d57-0.jpg,0
ATMS/4_ATMS_ca1d8cce9ca609c6a3c3dbf3c8b6c9081d772be39bd95071b183d3dae9ee585b-0.jpg,0
ATMS/4_ATMS_72e9045494aa73f4c9816201349f9e87590c6cf4291747b4f4b85cb7a0b875dd-0.jpg,0
ATMS/4_ATMS_725989e9d5d83fb07a34fe601c428b0186b65e099aa3d41007e103ab1a73da05-2.jpg,0
ATMS/4_ATMS_53194b1c09038e7cd2b333126a872ebf21f9fb28b8313cdaee7cd33fe53d4c47-4.jpg,0
ATMS/4_ATMS_e239b27e83f067e0b119ec65f68d8675224b8aae3c3df8fb74d1ac5f663ed78f-3.jpg,0
ATMS/4_ATMS_2750fe9ad9942fcdc4224ffa25e393b4fd9992a6767619da0a8af82361dddacc-0.jpg,0
ATMS/4_ATMS_fb59aed9badaa91d383c66a48edfedb5978aa8434c302f32b5e3fdd4f9fca75c-1.jpg,0
ATMS/4_ATMS_40abfc365aa408bda1a1be269f592d52d3b44d2f812a5c4f77941335212a1273-1.jpg,0
ATMS/4_ATMS_a98e33127ca92078cab29e29621d6678963393e59b32fb1625068ebbece947a8-4.jpg,0
ATMS/4_ATMS_a98e33127ca92078cab29e29621d6678963393e59b32fb1625068ebbece947a8-5.jpg,0
ATMS/4_ATMS_40abfc365aa408bda1a1be269f592d52d3b44d2f812a5c4f77941335212a1273-0.jpg,0
ATMS/4_ATMS_fb59aed9badaa91d383c66a48edfedb5978aa8434c302f32b5e3fdd4f9fca75c-0.jpg,0
ATMS/4_ATMS_2750fe9ad9942fcdc4224ffa25e393b4fd9992a6767619da0a8af82361dddacc-1.jpg,0
ATMS/4_ATMS_9a9e0e66e66853f59732251e6b32f8407df3b7ba99b93337bbe2bb3221ff1065-2.jpg,0
ATMS/4_ATMS_e239b27e83f067e0b119ec65f68d8675224b8aae3c3df8fb74d1ac5f663ed78f-2.jpg,0
ATMS/4_ATMS_63ae242e1c60969a00e68320a8fd8e503e1be1d9296e9604fce8df30518dd93e-2.png,1
ATMS/4_ATMS_ca1d8cce9ca609c6a3c3dbf3c8b6c9081d772be39bd95071b183d3dae9ee585b-1.jpg,1
ATMS/4_ATMS_832e3fa3f622862282b616892cc5a0ce07bb9471300356f7859c125f9c657d57-1.jpg,0
ATMS/4_ATMS_ea32b886e46b32725d368e293e44eb2e8d5a6a89e433db8968c5d3bcdb50c18d-1.jpg,0
ATMS/4_ATMS_66653ca7219076f2ff6b1884af8609e4eff5c195abb50f3824a52084d03c9f56-3.jpg,0
ATMS/4_ATMS_64e8b94cbb96b46dab8d21a5f479ad0fd397a944671a4c3c5e3c1abd791950fb-0.jpg,0
ATMS/4_ATMS_3d18555b94ac439c5220c2d09f9477026c4a5b58d6a9b63023dce51a9b70a782-5.png,0
ATMS/4_ATMS_8dd5d6a43ff6ee2f7111d214110f9cbf04eec11ed7511886b4ab4af1414ea703-4.png,0
ATMS/4_ATMS_267aa217f8faefcb3fc18f9cd6cb9b276448e8bc94a3b0becdda1256012ca6a5-4.jpg,0
ATMS/4_ATMS_a115ee1dca137fcde807890f9f4a959d1b9a38a0bc88a63097c319b12f0f52a0-1.jpg,0
ATMS/4_ATMS_4276f9490cb814d0032cf66ac226ce760dd8b5b48d4d7a0d08a4ea53acd4216f-3.png,1
ATMS/4_ATMS_dd6ee0bbfd0b40d2322406866fcfabe7a914c614a7c4a10d54275be6af25a23e-0.jpg,0
ATMS/4_ATMS_bbab3248726b90e80b557d3db566a093fa1bb6bafd87ffaf2b9a9114d11d66f5-1.png,0
ATMS/4_ATMS_620934c4764d1d0d2745d66cebce29314dcd1a051ae375709d23ed58e222aafc-0.jpg,0
ATMS/4_ATMS_e338933f4db254e0ccf16f8bacb03709d6efe48e891fd013876dc189a7510e82-0.jpg,0
ATMS/4_ATMS_ce6662d61e2ad88228a19bcb09792ffdc85d735385708371cf2a2f48bfd90460-0.jpg,0
ATMS/4_ATMS_244b30cfd1c87e83c20ff19ba0e79c82d42cf2bb3a3388661036a5f7445cc659-1.jpg,0
ATMS/4_ATMS_6f28edb87976cbbcb18a970892fa8412d3645f7bd558572a91bc45835ef56f20-2.jpg,0
ATMS/4_ATMS_7af9daa127dc3d1e27f551c99858403eb433e76e6515986954382f5e7461283c-1.jpg,0
ATMS/4_ATMS_d5bf4645cdef2204b9bfc8853cdf11d358ddbd3c3044b1f104e1f0ca21c13d8a-0.jpg,0
ATMS/4_ATMS_1b00c135dfcd940bbaf39e809da2721aec41bf02d873304ad45d1690dc699038-2.jpg,0
ATMS/4_ATMS_b6e51c349f913dcfcd59dc8e4dd3ec3e03426d379b8e51b74c46d93fc9e00612-1.jpg,0
ATMS/4_ATMS_872022e97614081574276773cc1d8c9896d613c0c53b878014a62f1d8d452c06-3.jpg,0
ATMS/4_ATMS_9491ab2b2b3e5bb4596e3c310a7691a580822f65f7b764b717a83e2fb756dc93-0.jpg,0
ATMS/4_ATMS_65c653c52f292b1704268964db66543447970b69b4300c5e3d8327cd2916d48d-3.jpg,0
ATMS/4_ATMS_bb2379a95a3f04e40e8c55bc6c1d3ce423aefbd2baa2a6699f6f899ff19503da-4.jpg,0
ATMS/4_ATMS_a4012e1e7df7ea904018907dc4e1372391cf4b660d45e38022a50ff9cf2b0aa2-0.jpg,0
ATMS/4_ATMS_c18d39d6cee88949ffbc09452bd4036f80228f6b0c5d7d414eb3087980d16086-3.png,0
ATMS/4_ATMS_71f031561308472044c9a40cdef0304529eb52a3f2150a65576814302dc6ae0a-0.jpg,0
ATMS/4_ATMS_d2615bba2f2e581bc17bc67254500bdea9320f2692eee65253125179cdcd0f54-0.jpg,0
ATMS/4_ATMS_acb748b06266e8db918467248ddd848698a8a660e51eed196e001a2f696adcad-1.jpg,0
ATMS/4_ATMS_e655eac1c144d99198651bcfdf251ffdce94e6a37670bf7f1d69e915f6d51080-3.jpg,0
ATMS/4_ATMS_65016dd7420d3ba9494a89aa3a2f478a7713f3ab2c361907b2675f14e2a12ad4-0.jpg,0
ATMS/4_ATMS_8f414b19bbde4bf916f9765f75cd1a60412cd1bdbf505804a88c7e5598ba720c-0.png,0
ATMS/4_ATMS_9ef716bdc57f7dfd813a00af5037175eb4edc691720f9fb544579fb3e9c7b9bf-0.jpg,0
ATMS/4_ATMS_6162ac721466d5275170bf69f1bb4f1acf49b3c52a053c3c14ad1d6a95c7bafa-3.jpg,0
ATMS/4_ATMS_72fd931b724d9bd1f4b4b04f90c5b53d04c57c0385aed8c988a55b0c3ed3aa85-4.jpg,0
ATMS/4_ATMS_19e1db8b46d5b3369199d05d517a4b6802f62d45ef77a2a82e2bcae69dda850f-4.jpg,0
ATMS/4_ATMS_8f414b19bbde4bf916f9765f75cd1a60412cd1bdbf505804a88c7e5598ba720c-1.png,1
ATMS/4_ATMS_6162ac721466d5275170bf69f1bb4f1acf49b3c52a053c3c14ad1d6a95c7bafa-2.jpg,0
ATMS/4_ATMS_9ef716bdc57f7dfd813a00af5037175eb4edc691720f9fb544579fb3e9c7b9bf-1.jpg,1
ATMS/4_ATMS_65016dd7420d3ba9494a89aa3a2f478a7713f3ab2c361907b2675f14e2a12ad4-1.jpg,0
ATMS/4_ATMS_d2615bba2f2e581bc17bc67254500bdea9320f2692eee65253125179cdcd0f54-1.jpg,0
ATMS/4_ATMS_71f031561308472044c9a40cdef0304529eb52a3f2150a65576814302dc6ae0a-1.jpg,0
ATMS/4_ATMS_c18d39d6cee88949ffbc09452bd4036f80228f6b0c5d7d414eb3087980d16086-2.jpg,0
ATMS/4_ATMS_acb748b06266e8db918467248ddd848698a8a660e51eed196e001a2f696adcad-0.jpg,0
ATMS/4_ATMS_bb2379a95a3f04e40e8c55bc6c1d3ce423aefbd2baa2a6699f6f899ff19503da-5.jpg,0
ATMS/4_ATMS_80bf1d785eaabd0d85baee576e9bd52a5fdceae60a439f26a9bc918b52301ad7-0.jpg,0
ATMS/4_ATMS_caa4e4bca051710597835e006189f9673ea93a989803be0e15ed5d92c51a0011-0.jpg,0
ATMS/4_ATMS_e655eac1c144d99198651bcfdf251ffdce94e6a37670bf7f1d69e915f6d51080-2.png,1
ATMS/4_ATMS_65c653c52f292b1704268964db66543447970b69b4300c5e3d8327cd2916d48d-2.jpg,0
ATMS/4_ATMS_a5f5bb224aec4c31ff563c9d1f2e1e353ac37f8c0788ecd6940222b3c982d541-0.jpg,0
ATMS/4_ATMS_13282a0257e8e2f1aad83cf1178fdc7f52a09181313ac76757f6b21c202693f0-0.jpg,0
ATMS/4_ATMS_872022e97614081574276773cc1d8c9896d613c0c53b878014a62f1d8d452c06-2.jpg,1
ATMS/4_ATMS_d7583d683d22948b7ccec31644bf3b47a5aafabb62aab3585259d02ec5fa1f2c-2.jpg,1
ATMS/4_ATMS_c5426417af078ca801cde53b180dd097d2d23c176fd267467bfd0a960447d8c7-0.jpg,0
ATMS/4_ATMS_b6e51c349f913dcfcd59dc8e4dd3ec3e03426d379b8e51b74c46d93fc9e00612-0.jpg,0
ATMS/4_ATMS_d5bf4645cdef2204b9bfc8853cdf11d358ddbd3c3044b1f104e1f0ca21c13d8a-1.jpg,0
ATMS/4_ATMS_1b00c135dfcd940bbaf39e809da2721aec41bf02d873304ad45d1690dc699038-3.jpg,0
ATMS/4_ATMS_7af9daa127dc3d1e27f551c99858403eb433e76e6515986954382f5e7461283c-0.jpg,0
ATMS/4_ATMS_42fb0fdac60ad363db3ed9432ec20ef153b76e43ac9214d67a6973c734fd337a-0.jpg,0
ATMS/4_ATMS_244b30cfd1c87e83c20ff19ba0e79c82d42cf2bb3a3388661036a5f7445cc659-0.jpg,0
ATMS/4_ATMS_ce6662d61e2ad88228a19bcb09792ffdc85d735385708371cf2a2f48bfd90460-1.jpg,0
ATMS/4_ATMS_2173dc9e5578f2a69f0a8b93b210fda75832d0fbdcf4517b9e8ca5fef58d987e-2.png,0
ATMS/4_ATMS_dc05e048a35f2267b004f163b430d7ee43b96b09e0b61b2bf4783c37ca3309fe-0.jpg,0
ATMS/4_ATMS_ce6662d61e2ad88228a19bcb09792ffdc85d735385708371cf2a2f48bfd90460-3.jpg,0
ATMS/4_ATMS_86393304c22fb9478c9bc96d0774471132e45919c379c975ba0c88f03296791f-4.jpg,0
ATMS/4_ATMS_244b30cfd1c87e83c20ff19ba0e79c82d42cf2bb3a3388661036a5f7445cc659-2.jpg,0
ATMS/4_ATMS_1b00c135dfcd940bbaf39e809da2721aec41bf02d873304ad45d1690dc699038-1.jpg,0
ATMS/4_ATMS_42fb0fdac60ad363db3ed9432ec20ef153b76e43ac9214d67a6973c734fd337a-2.jpg,0
ATMS/4_ATMS_6f28edb87976cbbcb18a970892fa8412d3645f7bd558572a91bc45835ef56f20-1.jpg,0
ATMS/4_ATMS_b6e51c349f913dcfcd59dc8e4dd3ec3e03426d379b8e51b74c46d93fc9e00612-2.jpg,0
ATMS/4_ATMS_4e5478fa85d7c0c72131d02bf9a8039bd4b375e775ab5c608eca530fc15d87b6-4.jpg,0
ATMS/4_ATMS_f84ae3a9d16cd647c79ad3217642d92cac5082a6091257cfcf8d32a3ab2db365-0.jpg,0
ATMS/4_ATMS_d7583d683d22948b7ccec31644bf3b47a5aafabb62aab3585259d02ec5fa1f2c-0.jpg,0
ATMS/4_ATMS_2173dc9e5578f2a69f0a8b93b210fda75832d0fbdcf4517b9e8ca5fef58d987e-0.jpg,1
ATMS/4_ATMS_a077e035c2087eef641322a9afade64fcab3a68bf180bb68ee089bc8e4bbda8f-0.png,0
ATMS/4_ATMS_9491ab2b2b3e5bb4596e3c310a7691a580822f65f7b764b717a83e2fb756dc93-3.jpg,0
ATMS/4_ATMS_8f414b19bbde4bf916f9765f75cd1a60412cd1bdbf505804a88c7e5598ba720c-3.jpg,0
ATMS/4_ATMS_0f9b5c78e1943c7a08b82c10fae33574b1ef56af72147cf02e28976b6521399b-4.jpg,1
ATMS/4_ATMS_8d1087462bd989901bdf3ade3fca8452bb97fbf2dff50b4086df1c55fba18e1c-4.png,0
ATMS/4_ATMS_c18d39d6cee88949ffbc09452bd4036f80228f6b0c5d7d414eb3087980d16086-0.jpg,0
ATMS/4_ATMS_d2615bba2f2e581bc17bc67254500bdea9320f2692eee65253125179cdcd0f54-3.jpg,0
ATMS/4_ATMS_6162ac721466d5275170bf69f1bb4f1acf49b3c52a053c3c14ad1d6a95c7bafa-0.jpg,0
ATMS/4_ATMS_65c653c52f292b1704268964db66543447970b69b4300c5e3d8327cd2916d48d-0.png,0
ATMS/4_ATMS_e655eac1c144d99198651bcfdf251ffdce94e6a37670bf7f1d69e915f6d51080-0.jpg,0
ATMS/4_ATMS_65c653c52f292b1704268964db66543447970b69b4300c5e3d8327cd2916d48d-1.png,1
ATMS/4_ATMS_6162ac721466d5275170bf69f1bb4f1acf49b3c52a053c3c14ad1d6a95c7bafa-1.jpg,0
ATMS/4_ATMS_8f414b19bbde4bf916f9765f75cd1a60412cd1bdbf505804a88c7e5598ba720c-2.png,0
ATMS/4_ATMS_c18d39d6cee88949ffbc09452bd4036f80228f6b0c5d7d414eb3087980d16086-1.jpg,0
ATMS/4_ATMS_d2615bba2f2e581bc17bc67254500bdea9320f2692eee65253125179cdcd0f54-2.jpg,0
ATMS/4_ATMS_71f031561308472044c9a40cdef0304529eb52a3f2150a65576814302dc6ae0a-2.jpg,1
ATMS/4_ATMS_80bf1d785eaabd0d85baee576e9bd52a5fdceae60a439f26a9bc918b52301ad7-3.jpg,1
ATMS/4_ATMS_8d1087462bd989901bdf3ade3fca8452bb97fbf2dff50b4086df1c55fba18e1c-5.jpg,0
ATMS/4_ATMS_9ef716bdc57f7dfd813a00af5037175eb4edc691720f9fb544579fb3e9c7b9bf-2.png,1
ATMS/4_ATMS_e655eac1c144d99198651bcfdf251ffdce94e6a37670bf7f1d69e915f6d51080-1.png,0
ATMS/4_ATMS_9491ab2b2b3e5bb4596e3c310a7691a580822f65f7b764b717a83e2fb756dc93-2.jpg,0
ATMS/4_ATMS_872022e97614081574276773cc1d8c9896d613c0c53b878014a62f1d8d452c06-1.jpg,0
ATMS/4_ATMS_7af9daa127dc3d1e27f551c99858403eb433e76e6515986954382f5e7461283c-3.jpg,0
ATMS/4_ATMS_6f28edb87976cbbcb18a970892fa8412d3645f7bd558572a91bc45835ef56f20-0.jpg,0
ATMS/4_ATMS_1b00c135dfcd940bbaf39e809da2721aec41bf02d873304ad45d1690dc699038-0.jpg,0
ATMS/4_ATMS_d5bf4645cdef2204b9bfc8853cdf11d358ddbd3c3044b1f104e1f0ca21c13d8a-2.jpg,0
ATMS/4_ATMS_244b30cfd1c87e83c20ff19ba0e79c82d42cf2bb3a3388661036a5f7445cc659-3.jpg,0
ATMS/4_ATMS_21781f6cff287326c5ce83c1bc5a3eab080a9bd7b72942352c8dad4f4fb96b02-0.jpg,1
ATMS/4_ATMS_1ae2938af3cf1c4312a4d13b9730ad0095fba9f4ba595fe7aea74218eb013259-0.png,0
ATMS/4_ATMS_dc05e048a35f2267b004f163b430d7ee43b96b09e0b61b2bf4783c37ca3309fe-1.jpg,0
ATMS/4_ATMS_2173dc9e5578f2a69f0a8b93b210fda75832d0fbdcf4517b9e8ca5fef58d987e-1.png,0
ATMS/4_ATMS_a077e035c2087eef641322a9afade64fcab3a68bf180bb68ee089bc8e4bbda8f-1.jpg,0
ATMS/4_ATMS_e3c987d15d05df6328cd05ba130717f7536a827c81e88fb5ce11f12085745f5c-0.jpg,0
ATMS/4_ATMS_1b00c135dfcd940bbaf39e809da2721aec41bf02d873304ad45d1690dc699038-4.jpg,0
ATMS/4_ATMS_3a8e152acb781ca19ca2eabe3b7adc41308da963a01ca825d4710b15c438d44f-0.jpg,0
ATMS/4_ATMS_6c0f41255514de0dfffb9c3773760eb40fa27b4ba388db338a19c1fe0ef6b253-0.jpg,0
ATMS/4_ATMS_5b6368761790af1128e137747f699e867502e65729cc42ec5f088ea41b1ab09b-0.jpg,0
ATMS/4_ATMS_b36cd58b4b2034891ae03fd5f487e4c0f2ba913ef69a024ed05af225e829cf2e-3.jpg,0
ATMS/4_ATMS_86393304c22fb9478c9bc96d0774471132e45919c379c975ba0c88f03296791f-1.png,0
ATMS/4_ATMS_72fd931b724d9bd1f4b4b04f90c5b53d04c57c0385aed8c988a55b0c3ed3aa85-2.png,1
ATMS/4_ATMS_3472e50443782c308ccadf373c449664a7d2fc4a6e74a1af092afb1f244d6031-1.jpg,0
ATMS/4_ATMS_aca5ee27984a313d9d100f5fb626bdacd787519b83ab69257bcce1013d698297-3.jpg,0
ATMS/4_ATMS_0f9b5c78e1943c7a08b82c10fae33574b1ef56af72147cf02e28976b6521399b-1.jpg,0
ATMS/4_ATMS_67e92a9ed63c0be7462a865c23f6320b5567192515e2c9c4ab8d4b681f6fa94f-0.jpg,0
ATMS/4_ATMS_bb2379a95a3f04e40e8c55bc6c1d3ce423aefbd2baa2a6699f6f899ff19503da-2.jpg,0
ATMS/4_ATMS_8d1087462bd989901bdf3ade3fca8452bb97fbf2dff50b4086df1c55fba18e1c-1.jpg,0
ATMS/4_ATMS_316583a26348cb51402de8ba8f1f0f6220b4812ecfedf5d8345014d1b391a583-2.jpg,0
ATMS/4_ATMS_19e1db8b46d5b3369199d05d517a4b6802f62d45ef77a2a82e2bcae69dda850f-3.jpg,0
ATMS/4_ATMS_6162ac721466d5275170bf69f1bb4f1acf49b3c52a053c3c14ad1d6a95c7bafa-4.jpg,0
ATMS/4_ATMS_72fd931b724d9bd1f4b4b04f90c5b53d04c57c0385aed8c988a55b0c3ed3aa85-3.jpg,0
ATMS/4_ATMS_19e1db8b46d5b3369199d05d517a4b6802f62d45ef77a2a82e2bcae69dda850f-2.jpg,1
ATMS/4_ATMS_c18d39d6cee88949ffbc09452bd4036f80228f6b0c5d7d414eb3087980d16086-4.jpg,1
ATMS/4_ATMS_0a651e3bbcc251bcef0e0b3d3fa99c02bc4a34b7b1c4d5d2df0c4fe86300be3d-3.jpg,0
ATMS/4_ATMS_8d1087462bd989901bdf3ade3fca8452bb97fbf2dff50b4086df1c55fba18e1c-0.jpg,0
ATMS/4_ATMS_bb2379a95a3f04e40e8c55bc6c1d3ce423aefbd2baa2a6699f6f899ff19503da-3.jpg,0
ATMS/4_ATMS_67e92a9ed63c0be7462a865c23f6320b5567192515e2c9c4ab8d4b681f6fa94f-1.jpg,0
ATMS/4_ATMS_0f9b5c78e1943c7a08b82c10fae33574b1ef56af72147cf02e28976b6521399b-0.jpg,0
ATMS/4_ATMS_aca5ee27984a313d9d100f5fb626bdacd787519b83ab69257bcce1013d698297-2.jpg,0
ATMS/4_ATMS_65c653c52f292b1704268964db66543447970b69b4300c5e3d8327cd2916d48d-4.jpg,0
ATMS/4_ATMS_521c01a5d410af0f8b93317675c3354c055fb880947ce9f56d7bb7da408015b5-2.jpg,0
ATMS/4_ATMS_3472e50443782c308ccadf373c449664a7d2fc4a6e74a1af092afb1f244d6031-0.jpg,0
ATMS/4_ATMS_4e5478fa85d7c0c72131d02bf9a8039bd4b375e775ab5c608eca530fc15d87b6-0.jpg,0
ATMS/4_ATMS_b36cd58b4b2034891ae03fd5f487e4c0f2ba913ef69a024ed05af225e829cf2e-2.png,1
ATMS/4_ATMS_5b6368761790af1128e137747f699e867502e65729cc42ec5f088ea41b1ab09b-1.jpg,0
ATMS/4_ATMS_6c0f41255514de0dfffb9c3773760eb40fa27b4ba388db338a19c1fe0ef6b253-1.jpg,0
ATMS/4_ATMS_3a8e152acb781ca19ca2eabe3b7adc41308da963a01ca825d4710b15c438d44f-1.jpg,0
ATMS/4_ATMS_1b00c135dfcd940bbaf39e809da2721aec41bf02d873304ad45d1690dc699038-5.jpg,0
ATMS/4_ATMS_86393304c22fb9478c9bc96d0774471132e45919c379c975ba0c88f03296791f-0.jpg,0
ATMS/4_ATMS_e3c987d15d05df6328cd05ba130717f7536a827c81e88fb5ce11f12085745f5c-1.jpg,1
ATMS/4_ATMS_f35a2ad1c8aae18ae72a4a18dd711d33a4af8f92127d4167ba896789324d551c-0.jpg,1
ATMS/4_ATMS_3a8e152acb781ca19ca2eabe3b7adc41308da963a01ca825d4710b15c438d44f-3.jpg,0
ATMS/4_ATMS_b36cd58b4b2034891ae03fd5f487e4c0f2ba913ef69a024ed05af225e829cf2e-0.jpg,0
ATMS/4_ATMS_4e5478fa85d7c0c72131d02bf9a8039bd4b375e775ab5c608eca530fc15d87b6-2.jpg,0
ATMS/4_ATMS_c5426417af078ca801cde53b180dd097d2d23c176fd267467bfd0a960447d8c7-4.jpg,0
ATMS/4_ATMS_521c01a5d410af0f8b93317675c3354c055fb880947ce9f56d7bb7da408015b5-0.jpg,0
ATMS/4_ATMS_3472e50443782c308ccadf373c449664a7d2fc4a6e74a1af092afb1f244d6031-2.jpg,1
ATMS/4_ATMS_0f9b5c78e1943c7a08b82c10fae33574b1ef56af72147cf02e28976b6521399b-2.jpg,1
ATMS/4_ATMS_0a651e3bbcc251bcef0e0b3d3fa99c02bc4a34b7b1c4d5d2df0c4fe86300be3d-1.jpg,0
ATMS/4_ATMS_bb2379a95a3f04e40e8c55bc6c1d3ce423aefbd2baa2a6699f6f899ff19503da-1.jpg,0
ATMS/4_ATMS_316583a26348cb51402de8ba8f1f0f6220b4812ecfedf5d8345014d1b391a583-1.jpg,0
ATMS/4_ATMS_8d1087462bd989901bdf3ade3fca8452bb97fbf2dff50b4086df1c55fba18e1c-2.png,0
ATMS/4_ATMS_72fd931b724d9bd1f4b4b04f90c5b53d04c57c0385aed8c988a55b0c3ed3aa85-1.jpg,0
ATMS/4_ATMS_19e1db8b46d5b3369199d05d517a4b6802f62d45ef77a2a82e2bcae69dda850f-0.jpg,0
ATMS/4_ATMS_521c01a5d410af0f8b93317675c3354c055fb880947ce9f56d7bb7da408015b5-1.png,0
ATMS/4_ATMS_72fd931b724d9bd1f4b4b04f90c5b53d04c57c0385aed8c988a55b0c3ed3aa85-0.jpg,0
ATMS/4_ATMS_8d1087462bd989901bdf3ade3fca8452bb97fbf2dff50b4086df1c55fba18e1c-3.png,1
ATMS/4_ATMS_316583a26348cb51402de8ba8f1f0f6220b4812ecfedf5d8345014d1b391a583-0.jpg,0
ATMS/4_ATMS_bb2379a95a3f04e40e8c55bc6c1d3ce423aefbd2baa2a6699f6f899ff19503da-0.jpg,0
ATMS/4_ATMS_0a651e3bbcc251bcef0e0b3d3fa99c02bc4a34b7b1c4d5d2df0c4fe86300be3d-0.jpg,0
ATMS/4_ATMS_0f9b5c78e1943c7a08b82c10fae33574b1ef56af72147cf02e28976b6521399b-3.jpg,0
ATMS/4_ATMS_67e92a9ed63c0be7462a865c23f6320b5567192515e2c9c4ab8d4b681f6fa94f-2.jpg,1
ATMS/4_ATMS_aca5ee27984a313d9d100f5fb626bdacd787519b83ab69257bcce1013d698297-1.jpg,0
ATMS/4_ATMS_19e1db8b46d5b3369199d05d517a4b6802f62d45ef77a2a82e2bcae69dda850f-1.png,0
ATMS/4_ATMS_ce6662d61e2ad88228a19bcb09792ffdc85d735385708371cf2a2f48bfd90460-4.png,0
ATMS/4_ATMS_e3c987d15d05df6328cd05ba130717f7536a827c81e88fb5ce11f12085745f5c-2.png,0
ATMS/4_ATMS_b36cd58b4b2034891ae03fd5f487e4c0f2ba913ef69a024ed05af225e829cf2e-1.png,1
ATMS/4_ATMS_4e5478fa85d7c0c72131d02bf9a8039bd4b375e775ab5c608eca530fc15d87b6-3.jpg,0
ATMS/4_ATMS_3a8e152acb781ca19ca2eabe3b7adc41308da963a01ca825d4710b15c438d44f-2.jpg,0
ATMS/4_ATMS_f35a2ad1c8aae18ae72a4a18dd711d33a4af8f92127d4167ba896789324d551c-1.jpg,0
ATMS/4_ATMS_86393304c22fb9478c9bc96d0774471132e45919c379c975ba0c88f03296791f-3.jpg,1
ATMS/4_ATMS_3d29275ff090d6dc604bc2fcd906123c74bceb28e42e91a7f5277a6a4d9597d5-2.png,1
ATMS/4_ATMS_3772330663ebc0ae2f1d8d1a7c79c0def362c27b18d1f8397bbf37f152bb5b1f-2.jpg,0
ATMS/4_ATMS_b94428b912a504ee6572020d4c61fc6031b7f60c9f5360d05ed38e90565aa609-2.jpg,0
ATMS/4_ATMS_d16722d729b34dd52585a8483d1832388305fab2cc359f4f912ab66c6a2f16a8-4.jpg,0
ATMS/4_ATMS_812866b9d73bcbda6f758d881f96765468ca6dd4e4498a84f73a3b49a902d5c2-0.jpg,0
ATMS/4_ATMS_e677875b60e3adcf215e5efec890e2bdbb5464878a619ab53494a29bf1b0554a-2.jpg,0
ATMS/4_ATMS_98826df42ba8b086c06f50ff52f92d14cdc114c0988188dda621cbd84f2cae57-3.jpg,0
ATMS/4_ATMS_261bb29113b6251678eb41f65c572627bfaaab28b1f7d160c4bd9e7d0c7e35a0-0.jpg,0
ATMS/4_ATMS_cb715bc8f094a20fb1eedf34e8a3dcbe8b52c9718f9536f050b227f290e874bd-1.jpg,1
ATMS/4_ATMS_5e04818a48359d712b34933dc9df88292d28a227ae5607f7d99f84ed0f08ab58-3.jpg,0
ATMS/4_ATMS_5cda9dc4d58654002fec72fb12f74202a40f56a5e5bec67f9a0f7bd871514469-2.jpg,0
ATMS/4_ATMS_4767a2624268f18b5fc628657d04fba85fde85547616da628b7d52f3c6b2c873-1.jpg,0
ATMS/4_ATMS_88117d1f9a7dc82e402264d31cba62ec9887ef777a999ad36134740df1f7e46b-1.jpg,1
ATMS/4_ATMS_20b6713c5cc773a88cd27da5ce0fd7f003acfe87ee4a4fe10ffd024500c45974-2.jpg,0
ATMS/4_ATMS_a36438f3bf5b8e01596a40e0514c8d5a50aec1fe73993a25842385f893f685e0-2.jpg,0
ATMS/4_ATMS_60c89966c988d9a8d4c9dcf70c4656e24bc97510f49a1ac37a3c2bddfa9bd755-1.png,0
ATMS/4_ATMS_61853abda284424da87dac9ab63bc665e99b0f3d0f956871e853fddf74a4ab86-0.jpg,0
ATMS/4_ATMS_a76f50e88a13fb34c670cf0ab9ca3d4e183ae73e7a886a948f77b6d1308fb7fd-4.jpg,0
ATMS/4_ATMS_61853abda284424da87dac9ab63bc665e99b0f3d0f956871e853fddf74a4ab86-1.jpg,0
ATMS/4_ATMS_a76f50e88a13fb34c670cf0ab9ca3d4e183ae73e7a886a948f77b6d1308fb7fd-5.jpg,0
ATMS/4_ATMS_5861a79fff8c22e98dc1c867aa7ad397761c6488c6019808e7bf714768e20d51-0.jpg,0
ATMS/4_ATMS_a36438f3bf5b8e01596a40e0514c8d5a50aec1fe73993a25842385f893f685e0-3.jpg,0
ATMS/4_ATMS_4fbab1ab9bc905aee95744f2d795dd2e71cccfd9fae48236af2b355ae6af29fa-2.jpg,0
ATMS/4_ATMS_60c89966c988d9a8d4c9dcf70c4656e24bc97510f49a1ac37a3c2bddfa9bd755-0.jpg,0
ATMS/4_ATMS_20b6713c5cc773a88cd27da5ce0fd7f003acfe87ee4a4fe10ffd024500c45974-3.jpg,0
ATMS/4_ATMS_88117d1f9a7dc82e402264d31cba62ec9887ef777a999ad36134740df1f7e46b-0.jpg,0
ATMS/4_ATMS_4767a2624268f18b5fc628657d04fba85fde85547616da628b7d52f3c6b2c873-0.jpg,0
ATMS/4_ATMS_5cda9dc4d58654002fec72fb12f74202a40f56a5e5bec67f9a0f7bd871514469-3.jpg,0
ATMS/4_ATMS_73556b856215fc5ad5a0ecb33be4a0883b7add300f674b27ddeaf9cf08f82207-4.jpg,0
ATMS/4_ATMS_5e04818a48359d712b34933dc9df88292d28a227ae5607f7d99f84ed0f08ab58-2.jpg,0
ATMS/4_ATMS_6da61523158bb93e17092e1e06ba26eac2205cbb41ac0d2a97f8a3a39b88bb50-3.jpg,0
ATMS/4_ATMS_cb715bc8f094a20fb1eedf34e8a3dcbe8b52c9718f9536f050b227f290e874bd-0.jpg,0
ATMS/4_ATMS_261bb29113b6251678eb41f65c572627bfaaab28b1f7d160c4bd9e7d0c7e35a0-1.jpg,0
ATMS/4_ATMS_98826df42ba8b086c06f50ff52f92d14cdc114c0988188dda621cbd84f2cae57-2.jpg,1
ATMS/4_ATMS_3d29275ff090d6dc604bc2fcd906123c74bceb28e42e91a7f5277a6a4d9597d5-3.jpg,0
ATMS/4_ATMS_8588486144ef04683e5ef442b2d062aa593121fffc51070380c43c42bc0c0acd-3.jpg,0
ATMS/4_ATMS_82999b91500ae00965e4ce3fdcd76d14c097554e2719dab8c2408c86ad1be698-4.jpg,0
ATMS/4_ATMS_e677875b60e3adcf215e5efec890e2bdbb5464878a619ab53494a29bf1b0554a-3.jpg,0
ATMS/4_ATMS_915833c36c9e786e24b8a8d9f778345fa1d2657ed4d79b9478439a52704fc5a9-2.jpg,1
ATMS/4_ATMS_812866b9d73bcbda6f758d881f96765468ca6dd4e4498a84f73a3b49a902d5c2-1.jpg,1
ATMS/4_ATMS_0d6d0635a36f22af5dcfb59b2945f389802f44ff16298dff9087bff7921887aa-0.jpg,0
ATMS/4_ATMS_04194294f9974eab4328527494f70608b0ce030ab1735a03f461a23144ae1745-2.jpg,0
ATMS/4_ATMS_b94428b912a504ee6572020d4c61fc6031b7f60c9f5360d05ed38e90565aa609-3.jpg,1
ATMS/4_ATMS_e2684d718dc18a677f8d5404233358fd9886676f20cf716f4dfde58d54eb9c32-2.jpg,0
ATMS/4_ATMS_2bedb22adaf70c3301bb7e6dfc5957d626fa5edbee7acc5879235dc2212a888c-3.jpg,0
ATMS/4_ATMS_2bedb22adaf70c3301bb7e6dfc5957d626fa5edbee7acc5879235dc2212a888c-1.jpg,0
ATMS/4_ATMS_e2684d718dc18a677f8d5404233358fd9886676f20cf716f4dfde58d54eb9c32-0.jpg,0
ATMS/4_ATMS_3772330663ebc0ae2f1d8d1a7c79c0def362c27b18d1f8397bbf37f152bb5b1f-1.jpg,0
ATMS/4_ATMS_c019024d291080b6dc41b73848cba8735b3de48f87afc157898b9707445110b0-1.jpg,0
ATMS/4_ATMS_eda022a14ad3183193251a945e6783c9451414c495f9e6979206bd7dff3390b6-5.jpg,0
ATMS/4_ATMS_b94428b912a504ee6572020d4c61fc6031b7f60c9f5360d05ed38e90565aa609-1.jpg,0
ATMS/4_ATMS_0d6d0635a36f22af5dcfb59b2945f389802f44ff16298dff9087bff7921887aa-2.jpg,0
ATMS/4_ATMS_04194294f9974eab4328527494f70608b0ce030ab1735a03f461a23144ae1745-0.jpg,0
ATMS/4_ATMS_812866b9d73bcbda6f758d881f96765468ca6dd4e4498a84f73a3b49a902d5c2-3.jpg,1
ATMS/4_ATMS_915833c36c9e786e24b8a8d9f778345fa1d2657ed4d79b9478439a52704fc5a9-0.jpg,0
ATMS/4_ATMS_e677875b60e3adcf215e5efec890e2bdbb5464878a619ab53494a29bf1b0554a-1.jpg,0
ATMS/4_ATMS_8588486144ef04683e5ef442b2d062aa593121fffc51070380c43c42bc0c0acd-1.jpg,0
ATMS/4_ATMS_98826df42ba8b086c06f50ff52f92d14cdc114c0988188dda621cbd84f2cae57-0.jpg,0
ATMS/4_ATMS_cb715bc8f094a20fb1eedf34e8a3dcbe8b52c9718f9536f050b227f290e874bd-2.jpg,1
ATMS/4_ATMS_3d29275ff090d6dc604bc2fcd906123c74bceb28e42e91a7f5277a6a4d9597d5-1.jpg,0
ATMS/4_ATMS_5e04818a48359d712b34933dc9df88292d28a227ae5607f7d99f84ed0f08ab58-0.jpg,0
ATMS/4_ATMS_4767a2624268f18b5fc628657d04fba85fde85547616da628b7d52f3c6b2c873-2.jpg,0
ATMS/4_ATMS_5cda9dc4d58654002fec72fb12f74202a40f56a5e5bec67f9a0f7bd871514469-1.jpg,0
ATMS/4_ATMS_88117d1f9a7dc82e402264d31cba62ec9887ef777a999ad36134740df1f7e46b-2.jpg,0
ATMS/4_ATMS_20b6713c5cc773a88cd27da5ce0fd7f003acfe87ee4a4fe10ffd024500c45974-1.jpg,0
ATMS/4_ATMS_60c89966c988d9a8d4c9dcf70c4656e24bc97510f49a1ac37a3c2bddfa9bd755-2.jpg,0
ATMS/4_ATMS_4fbab1ab9bc905aee95744f2d795dd2e71cccfd9fae48236af2b355ae6af29fa-0.jpg,0
ATMS/4_ATMS_a36438f3bf5b8e01596a40e0514c8d5a50aec1fe73993a25842385f893f685e0-1.jpg,0
ATMS/4_ATMS_5861a79fff8c22e98dc1c867aa7ad397761c6488c6019808e7bf714768e20d51-2.jpg,0
ATMS/4_ATMS_61853abda284424da87dac9ab63bc665e99b0f3d0f956871e853fddf74a4ab86-3.jpg,1
ATMS/4_ATMS_61853abda284424da87dac9ab63bc665e99b0f3d0f956871e853fddf74a4ab86-2.jpg,0
ATMS/4_ATMS_5861a79fff8c22e98dc1c867aa7ad397761c6488c6019808e7bf714768e20d51-3.jpg,0
ATMS/4_ATMS_abd38032cd8953555ce9cb924da70c4c28766857ae6ef7865be03641c1c01971-5.jpg,0
ATMS/4_ATMS_4fbab1ab9bc905aee95744f2d795dd2e71cccfd9fae48236af2b355ae6af29fa-1.jpg,0
ATMS/4_ATMS_a36438f3bf5b8e01596a40e0514c8d5a50aec1fe73993a25842385f893f685e0-0.jpg,0
ATMS/4_ATMS_20b6713c5cc773a88cd27da5ce0fd7f003acfe87ee4a4fe10ffd024500c45974-0.jpg,0
ATMS/4_ATMS_60c89966c988d9a8d4c9dcf70c4656e24bc97510f49a1ac37a3c2bddfa9bd755-3.jpg,0
ATMS/4_ATMS_88117d1f9a7dc82e402264d31cba62ec9887ef777a999ad36134740df1f7e46b-3.jpg,0
ATMS/4_ATMS_5cda9dc4d58654002fec72fb12f74202a40f56a5e5bec67f9a0f7bd871514469-0.jpg,0
ATMS/4_ATMS_4767a2624268f18b5fc628657d04fba85fde85547616da628b7d52f3c6b2c873-3.jpg,0
ATMS/4_ATMS_5e04818a48359d712b34933dc9df88292d28a227ae5607f7d99f84ed0f08ab58-1.jpg,0
ATMS/4_ATMS_3d29275ff090d6dc604bc2fcd906123c74bceb28e42e91a7f5277a6a4d9597d5-0.jpg,0
ATMS/4_ATMS_98826df42ba8b086c06f50ff52f92d14cdc114c0988188dda621cbd84f2cae57-1.jpg,0
ATMS/4_ATMS_e677875b60e3adcf215e5efec890e2bdbb5464878a619ab53494a29bf1b0554a-0.jpg,0
ATMS/4_ATMS_8588486144ef04683e5ef442b2d062aa593121fffc51070380c43c42bc0c0acd-0.jpg,0
ATMS/4_ATMS_915833c36c9e786e24b8a8d9f778345fa1d2657ed4d79b9478439a52704fc5a9-1.jpg,0
ATMS/4_ATMS_812866b9d73bcbda6f758d881f96765468ca6dd4e4498a84f73a3b49a902d5c2-2.jpg,1
ATMS/4_ATMS_04194294f9974eab4328527494f70608b0ce030ab1735a03f461a23144ae1745-1.jpg,0
ATMS/4_ATMS_b94428b912a504ee6572020d4c61fc6031b7f60c9f5360d05ed38e90565aa609-0.jpg,0
ATMS/4_ATMS_eda022a14ad3183193251a945e6783c9451414c495f9e6979206bd7dff3390b6-4.jpg,0
ATMS/4_ATMS_c019024d291080b6dc41b73848cba8735b3de48f87afc157898b9707445110b0-0.jpg,0
ATMS/4_ATMS_3772330663ebc0ae2f1d8d1a7c79c0def362c27b18d1f8397bbf37f152bb5b1f-0.jpg,0
ATMS/4_ATMS_e2684d718dc18a677f8d5404233358fd9886676f20cf716f4dfde58d54eb9c32-1.jpg,0
ATMS/4_ATMS_2bedb22adaf70c3301bb7e6dfc5957d626fa5edbee7acc5879235dc2212a888c-0.jpg,0
ATMS/4_ATMS_cb715bc8f094a20fb1eedf34e8a3dcbe8b52c9718f9536f050b227f290e874bd-3.png,0
ATMS/4_ATMS_3772330663ebc0ae2f1d8d1a7c79c0def362c27b18d1f8397bbf37f152bb5b1f-4.jpg,1
ATMS/4_ATMS_a655c1285b2dee6ef8d30323128431984c9c3ef81d840329a9510b239a70f36e-0.png,0
ATMS/4_ATMS_2bedb22adaf70c3301bb7e6dfc5957d626fa5edbee7acc5879235dc2212a888c-4.jpg,0
ATMS/4_ATMS_7528521615b05889a90219ed711927f42aaf7cd13604a334dfb5653893cd641c-1.jpg,1
ATMS/4_ATMS_b94428b912a504ee6572020d4c61fc6031b7f60c9f5360d05ed38e90565aa609-4.jpg,1
ATMS/4_ATMS_eda022a14ad3183193251a945e6783c9451414c495f9e6979206bd7dff3390b6-0.jpg,0
ATMS/4_ATMS_d16722d729b34dd52585a8483d1832388305fab2cc359f4f912ab66c6a2f16a8-2.jpg,1
ATMS/4_ATMS_8588486144ef04683e5ef442b2d062aa593121fffc51070380c43c42bc0c0acd-4.jpg,0
ATMS/4_ATMS_82999b91500ae00965e4ce3fdcd76d14c097554e2719dab8c2408c86ad1be698-3.jpg,0
ATMS/4_ATMS_e677875b60e3adcf215e5efec890e2bdbb5464878a619ab53494a29bf1b0554a-4.jpg,0
ATMS/4_ATMS_eb2135223c237cc45c07abdfbb2411ea5b6a2b4f0fa3000abc2ff0eb1173cd96-1.png,1
ATMS/4_ATMS_6da61523158bb93e17092e1e06ba26eac2205cbb41ac0d2a97f8a3a39b88bb50-4.jpg,0
ATMS/4_ATMS_73556b856215fc5ad5a0ecb33be4a0883b7add300f674b27ddeaf9cf08f82207-3.jpg,0
ATMS/4_ATMS_20b6713c5cc773a88cd27da5ce0fd7f003acfe87ee4a4fe10ffd024500c45974-4.jpg,0
ATMS/4_ATMS_62fad6b5f64e2bdfe6f77b81498018cee833d9bf21b72a17c063fdb679a90a04-1.png,1
ATMS/4_ATMS_2fea8230ea330371f7a3cde5054ab1db193a7f402ebcbc63276034ded38a204b-0.jpg,0
ATMS/4_ATMS_60bb15ddb94555cd30afb2cc850375a4fd7d2785713697cb01b60f7d07236b8b-3.jpg,0
ATMS/4_ATMS_abd38032cd8953555ce9cb924da70c4c28766857ae6ef7865be03641c1c01971-1.jpg,0
ATMS/4_ATMS_44411fb3f4cf16d6204022666401b88b9c4bd5273f834c5472c0bcc53836baf5-3.jpg,0
ATMS/4_ATMS_a76f50e88a13fb34c670cf0ab9ca3d4e183ae73e7a886a948f77b6d1308fb7fd-2.jpg,0
ATMS/4_ATMS_e5a9572edf31b695e5a079bcd091d99d45c077b5ad290a457bd2dc8abb2b5d32-1.jpg,0
ATMS/4_ATMS_7317b8091e8aefe740433b50d88acb9b078f0357514f23cccf04e7789696dde8-0.jpg,0
ATMS/4_ATMS_e5a9572edf31b695e5a079bcd091d99d45c077b5ad290a457bd2dc8abb2b5d32-0.jpg,0
ATMS/4_ATMS_44411fb3f4cf16d6204022666401b88b9c4bd5273f834c5472c0bcc53836baf5-2.jpg,0
ATMS/4_ATMS_a76f50e88a13fb34c670cf0ab9ca3d4e183ae73e7a886a948f77b6d1308fb7fd-3.jpg,0
ATMS/4_ATMS_abd38032cd8953555ce9cb924da70c4c28766857ae6ef7865be03641c1c01971-0.jpg,0
ATMS/4_ATMS_60bb15ddb94555cd30afb2cc850375a4fd7d2785713697cb01b60f7d07236b8b-2.jpg,0
ATMS/4_ATMS_6863ea0206608fc5cc2a70ffe08a18b69bdc5da3e6f5079d62c68bdeff6e72a7-2.jpg,0
ATMS/4_ATMS_62fad6b5f64e2bdfe6f77b81498018cee833d9bf21b72a17c063fdb679a90a04-0.png,0
ATMS/4_ATMS_20b6713c5cc773a88cd27da5ce0fd7f003acfe87ee4a4fe10ffd024500c45974-5.jpg,0
ATMS/4_ATMS_2fea8230ea330371f7a3cde5054ab1db193a7f402ebcbc63276034ded38a204b-1.png,0
ATMS/4_ATMS_73556b856215fc5ad5a0ecb33be4a0883b7add300f674b27ddeaf9cf08f82207-2.jpg,1
ATMS/4_ATMS_eb2135223c237cc45c07abdfbb2411ea5b6a2b4f0fa3000abc2ff0eb1173cd96-0.png,0
ATMS/4_ATMS_eda022a14ad3183193251a945e6783c9451414c495f9e6979206bd7dff3390b6-1.png,0
ATMS/4_ATMS_8588486144ef04683e5ef442b2d062aa593121fffc51070380c43c42bc0c0acd-5.jpg,0
ATMS/4_ATMS_82999b91500ae00965e4ce3fdcd76d14c097554e2719dab8c2408c86ad1be698-2.jpg,0
ATMS/4_ATMS_d9c438fb0e3b4db2a97bce577e05c96f871904113b5d4e44047c7eb3de5bea28-0.jpg,0
ATMS/4_ATMS_b94428b912a504ee6572020d4c61fc6031b7f60c9f5360d05ed38e90565aa609-5.jpg,0
ATMS/4_ATMS_d16722d729b34dd52585a8483d1832388305fab2cc359f4f912ab66c6a2f16a8-3.jpg,1
ATMS/4_ATMS_7528521615b05889a90219ed711927f42aaf7cd13604a334dfb5653893cd641c-0.jpg,0
ATMS/4_ATMS_f3d60f39e36a25b261fc15e4b351c0d1e8e6dd059099eddddcc036770c941820-2.png,0
ATMS/4_ATMS_2bedb22adaf70c3301bb7e6dfc5957d626fa5edbee7acc5879235dc2212a888c-5.jpg,0
ATMS/4_ATMS_a655c1285b2dee6ef8d30323128431984c9c3ef81d840329a9510b239a70f36e-1.png,1
ATMS/4_ATMS_3772330663ebc0ae2f1d8d1a7c79c0def362c27b18d1f8397bbf37f152bb5b1f-5.jpg,0
ATMS/4_ATMS_f3d60f39e36a25b261fc15e4b351c0d1e8e6dd059099eddddcc036770c941820-0.png,0
ATMS/4_ATMS_d16722d729b34dd52585a8483d1832388305fab2cc359f4f912ab66c6a2f16a8-1.jpg,1
ATMS/4_ATMS_eda022a14ad3183193251a945e6783c9451414c495f9e6979206bd7dff3390b6-3.jpg,0
ATMS/4_ATMS_9c8f6f8dd9295c8ede997cdc274115bb18747165fec715192f59ccb3811e3da4-0.png,0
ATMS/4_ATMS_82999b91500ae00965e4ce3fdcd76d14c097554e2719dab8c2408c86ad1be698-0.jpg,0
ATMS/4_ATMS_eb2135223c237cc45c07abdfbb2411ea5b6a2b4f0fa3000abc2ff0eb1173cd96-2.png,0
ATMS/4_ATMS_73556b856215fc5ad5a0ecb33be4a0883b7add300f674b27ddeaf9cf08f82207-0.jpg,0
ATMS/4_ATMS_60c89966c988d9a8d4c9dcf70c4656e24bc97510f49a1ac37a3c2bddfa9bd755-4.jpg,0
ATMS/4_ATMS_88117d1f9a7dc82e402264d31cba62ec9887ef777a999ad36134740df1f7e46b-4.jpg,0
ATMS/4_ATMS_60bb15ddb94555cd30afb2cc850375a4fd7d2785713697cb01b60f7d07236b8b-0.jpg,0
ATMS/4_ATMS_6863ea0206608fc5cc2a70ffe08a18b69bdc5da3e6f5079d62c68bdeff6e72a7-0.jpg,0
ATMS/4_ATMS_abd38032cd8953555ce9cb924da70c4c28766857ae6ef7865be03641c1c01971-2.jpg,0
ATMS/4_ATMS_a76f50e88a13fb34c670cf0ab9ca3d4e183ae73e7a886a948f77b6d1308fb7fd-1.jpg,0
ATMS/4_ATMS_cd868fb8d21c17f25836eabc6aa9ebaecd641c66ffc732c87ace3cf399106fdc-1.jpg,1
ATMS/4_ATMS_20c8cd5ca9bbfd99929ae28752ccfd8e0c7e8e31a619ddb6c40cf87105e6d03a-0.png,0
ATMS/4_ATMS_e5a9572edf31b695e5a079bcd091d99d45c077b5ad290a457bd2dc8abb2b5d32-2.jpg,0
ATMS/4_ATMS_e5a9572edf31b695e5a079bcd091d99d45c077b5ad290a457bd2dc8abb2b5d32-3.jpg,0
ATMS/4_ATMS_cd868fb8d21c17f25836eabc6aa9ebaecd641c66ffc732c87ace3cf399106fdc-0.jpg,0
ATMS/4_ATMS_a76f50e88a13fb34c670cf0ab9ca3d4e183ae73e7a886a948f77b6d1308fb7fd-0.jpg,0
ATMS/4_ATMS_abd38032cd8953555ce9cb924da70c4c28766857ae6ef7865be03641c1c01971-3.jpg,0
ATMS/4_ATMS_60bb15ddb94555cd30afb2cc850375a4fd7d2785713697cb01b60f7d07236b8b-1.jpg,0
ATMS/4_ATMS_60c89966c988d9a8d4c9dcf70c4656e24bc97510f49a1ac37a3c2bddfa9bd755-5.jpg,0
ATMS/4_ATMS_73556b856215fc5ad5a0ecb33be4a0883b7add300f674b27ddeaf9cf08f82207-1.jpg,0
ATMS/4_ATMS_44411fb3f4cf16d6204022666401b88b9c4bd5273f834c5472c0bcc53836baf5-1.png,1
ATMS/4_ATMS_475cdfd8c20e228ffa9fe4750ca756915797188e726b62dfc9c4b4a166b3af2f-0.jpg,0
ATMS/4_ATMS_d16722d729b34dd52585a8483d1832388305fab2cc359f4f912ab66c6a2f16a8-0.png,0
ATMS/4_ATMS_eb2135223c237cc45c07abdfbb2411ea5b6a2b4f0fa3000abc2ff0eb1173cd96-3.png,0
ATMS/4_ATMS_9c8f6f8dd9295c8ede997cdc274115bb18747165fec715192f59ccb3811e3da4-1.png,1
ATMS/4_ATMS_eda022a14ad3183193251a945e6783c9451414c495f9e6979206bd7dff3390b6-2.jpg,0
ATMS/4_ATMS_f3d60f39e36a25b261fc15e4b351c0d1e8e6dd059099eddddcc036770c941820-1.png,0
ATMS/4_ATMS_82999b91500ae00965e4ce3fdcd76d14c097554e2719dab8c2408c86ad1be698-1.png,0
ATMS/4_ATMS_a655c1285b2dee6ef8d30323128431984c9c3ef81d840329a9510b239a70f36e-2.png,0
ATMS/4_ATMS_8d782a516dc711ed4dc644f973689ac6e92a1e98738b3590c80ce3806885d21e-3.jpg,0
ATMS/4_ATMS_f8b18bfbe460e77ce27acbc661e50554e410ef75e5fef859d76993e92926c1a1-3.jpg,0
ATMS/4_ATMS_1e2954889e6c348c135b56f473374d493d77ab56902a9df94dd8e3b66a165817-0.jpg,0
ATMS/4_ATMS_aea326c780fa8a5fbaee8d54a2b01eceef4e4f19108dcaa698a021cbcdc389ae-1.png,1
ATMS/4_ATMS_057b51d613b569ceceb6b67484a8867485997d9d9385939d17f77f31ee950a8b-1.png,0
ATMS/4_ATMS_c2957942301d66eac71b6ed13cdf5938fa4f443e68f4c1ca1a3685cd1457b54f-0.jpg,0
ATMS/4_ATMS_6b275ca4299779bbf8e094d081321b56fceab71055da83413c027262aab642ad-3.jpg,1
ATMS/4_ATMS_2c6ec5714fa2d30ce7f8e2826068b193c8c765c6e87a040a40b08a65109ecd57-1.jpg,0
ATMS/4_ATMS_340c41d8fcb6b56cefd0ea189865fcb4d4c9b7b710a701d5f72340d0e8714cb4-1.jpg,0
ATMS/4_ATMS_711db1c8985e502b1215cbb8a53b01e4c8b1bf06271a7f4b79712ffc98cdd798-3.jpg,0
ATMS/4_ATMS_bb84814f3e486b05e18c7d1cb076478625c54dcba4e0a6034c261c2ccc0ab045-4.jpg,0
ATMS/4_ATMS_07a901510fb11c3bfe13f9a8ef241b61f3ac3be6dfb79c9e5170fefb4b581f2b-0.jpg,0
ATMS/4_ATMS_f0cf823d8c340d62808624e40928f3a0654967a83c4f42dcfe053d651fb8f671-0.jpg,0
ATMS/4_ATMS_973177d1ff39fddd47403c3d153e8b04d9e0e5c20605cde164ef1d34d017b472-0.jpg,0
ATMS/4_ATMS_158cfeed79e71b1d0bef72a2316d8263882a73275e326e4f73df9b6e295f4d4b-0.jpg,1
ATMS/4_ATMS_86a21df9b85a1f8a10673bb0c33ee52091b07eb30366f948a68c8d87673a607b-5.jpg,0
ATMS/4_ATMS_c8e7319b37e1ffbad700f23e79ed3a5ae217d213c491b90494bb0317d9896009-4.jpg,1
ATMS/4_ATMS_326bb630c88e066f937278c7f8afe754cbf3d7dc89e82b84834ea963b82ca8c6-5.jpg,0
ATMS/4_ATMS_0f28a13d14df4a91c54cfb7e61ee91f773b46b08850c92ed02dbd73e267e0529-0.jpg,0
ATMS/4_ATMS_7933268797565d52198e4e1a58ba85a34d8bffecb7e4ea0e0f6662c5af90f7af-4.jpg,0
ATMS/4_ATMS_d183680f82d2c2398ec3f688eb7fbe81cd42ee18df598c0f5b459260f0318c55-0.jpg,0
ATMS/4_ATMS_d577f870e9e8e235bea7c3043ce841fae686fa24ff0cd0b65c261ae02e7ab774-1.png,0
ATMS/4_ATMS_4483b42d53a9544404243f78d980bcc6c8ae2f81c815d2555298785c83e488ea-2.jpg,1
ATMS/4_ATMS_f30538427a41472f92f1f504fa5b6d7368579049150db7a01ab80ee84ffd894a-0.jpg,0
ATMS/4_ATMS_2d75bec61dfe22525f7f2a58b002e45d71f3d797fd2f41ef5056fbe72adc941c-2.jpg,0
ATMS/4_ATMS_0406efe3de6cc5d2f59e077c255b7104f26bda40ecd7f8f70bda8999235fce5d-0.jpg,0
ATMS/4_ATMS_d9e6c3187fa14bfad109c85b98ce641bb6d61e4c4687eb2e87b583025c18fc2c-0.jpg,0
ATMS/4_ATMS_1395683b5a261d96d1ea2e8a7288d9d971006404d308f49d7a307d1b9bdf7d25-2.jpg,0
ATMS/4_ATMS_d9e6c3187fa14bfad109c85b98ce641bb6d61e4c4687eb2e87b583025c18fc2c-1.jpg,0
ATMS/4_ATMS_0406efe3de6cc5d2f59e077c255b7104f26bda40ecd7f8f70bda8999235fce5d-1.jpg,0
ATMS/4_ATMS_4483b42d53a9544404243f78d980bcc6c8ae2f81c815d2555298785c83e488ea-3.jpg,0
ATMS/4_ATMS_7fb393a28dce0edad58776cd6dab840b204d87aa17a53972489a90eba191415e-4.jpg,0
ATMS/4_ATMS_d183680f82d2c2398ec3f688eb7fbe81cd42ee18df598c0f5b459260f0318c55-1.jpg,0
ATMS/4_ATMS_d577f870e9e8e235bea7c3043ce841fae686fa24ff0cd0b65c261ae02e7ab774-0.jpg,0
ATMS/4_ATMS_f30538427a41472f92f1f504fa5b6d7368579049150db7a01ab80ee84ffd894a-1.png,1
ATMS/4_ATMS_34c3a9b353f288b9f850866a683b6508edd57cc15054d961a67a9fa2d94b7e28-4.jpg,0
ATMS/4_ATMS_326bb630c88e066f937278c7f8afe754cbf3d7dc89e82b84834ea963b82ca8c6-4.jpg,0
ATMS/4_ATMS_2c3f9ed1b7a68a38b632a732fcc523ae69fa70df6d3aa4f34ddb15cc6218ae48-2.jpg,0
ATMS/4_ATMS_158cfeed79e71b1d0bef72a2316d8263882a73275e326e4f73df9b6e295f4d4b-1.jpg,0
ATMS/4_ATMS_973177d1ff39fddd47403c3d153e8b04d9e0e5c20605cde164ef1d34d017b472-1.jpg,1
ATMS/4_ATMS_7156fc4803c447de21103ac032f520827b986fc01b6f658f887bf17315b76fcd-2.jpg,1
ATMS/4_ATMS_07a901510fb11c3bfe13f9a8ef241b61f3ac3be6dfb79c9e5170fefb4b581f2b-1.jpg,0
ATMS/4_ATMS_f0cf823d8c340d62808624e40928f3a0654967a83c4f42dcfe053d651fb8f671-1.jpg,1
ATMS/4_ATMS_bb84814f3e486b05e18c7d1cb076478625c54dcba4e0a6034c261c2ccc0ab045-5.jpg,0
ATMS/4_ATMS_711db1c8985e502b1215cbb8a53b01e4c8b1bf06271a7f4b79712ffc98cdd798-2.jpg,0
ATMS/4_ATMS_f8b18bfbe460e77ce27acbc661e50554e410ef75e5fef859d76993e92926c1a1-2.png,0
ATMS/4_ATMS_cdb0acecac9c7bd9705a6a517e9b91054183e7eeae5a9def5a8b3efe5aa0fc24-0.jpg,0
ATMS/4_ATMS_340c41d8fcb6b56cefd0ea189865fcb4d4c9b7b710a701d5f72340d0e8714cb4-0.jpg,0
ATMS/4_ATMS_2c6ec5714fa2d30ce7f8e2826068b193c8c765c6e87a040a40b08a65109ecd57-0.jpg,0
ATMS/4_ATMS_057b51d613b569ceceb6b67484a8867485997d9d9385939d17f77f31ee950a8b-0.jpg,0
ATMS/4_ATMS_6b275ca4299779bbf8e094d081321b56fceab71055da83413c027262aab642ad-2.jpg,1
ATMS/4_ATMS_c2957942301d66eac71b6ed13cdf5938fa4f443e68f4c1ca1a3685cd1457b54f-1.png,0
ATMS/4_ATMS_aea326c780fa8a5fbaee8d54a2b01eceef4e4f19108dcaa698a021cbcdc389ae-0.png,0
ATMS/4_ATMS_1e2954889e6c348c135b56f473374d493d77ab56902a9df94dd8e3b66a165817-1.jpg,0
ATMS/4_ATMS_8d782a516dc711ed4dc644f973689ac6e92a1e98738b3590c80ce3806885d21e-2.jpg,0
ATMS/4_ATMS_1e2954889e6c348c135b56f473374d493d77ab56902a9df94dd8e3b66a165817-3.jpg,1
ATMS/4_ATMS_711db1c8985e502b1215cbb8a53b01e4c8b1bf06271a7f4b79712ffc98cdd798-0.png,0
ATMS/4_ATMS_8d782a516dc711ed4dc644f973689ac6e92a1e98738b3590c80ce3806885d21e-0.jpg,0
ATMS/4_ATMS_7f0d94fa03a9bbf22027de74fd74697e74bcb09eeb9dfcdaab273e71b071c337-4.jpg,0
ATMS/4_ATMS_50ea4cc819d10d2fb76a70b66c351ae602cbb5b870f0f5e41f319461b55ed9fa-5.png,0
ATMS/4_ATMS_6bd73d724f00986096f9bab83ebe61fef665c32e1e81fe1bad690ffa0b970c5c-1.jpg,0
ATMS/4_ATMS_6b275ca4299779bbf8e094d081321b56fceab71055da83413c027262aab642ad-0.png,0
ATMS/4_ATMS_2c6ec5714fa2d30ce7f8e2826068b193c8c765c6e87a040a40b08a65109ecd57-2.png,0
ATMS/4_ATMS_057b51d613b569ceceb6b67484a8867485997d9d9385939d17f77f31ee950a8b-2.jpg,1
ATMS/4_ATMS_c2957942301d66eac71b6ed13cdf5938fa4f443e68f4c1ca1a3685cd1457b54f-3.png,0
ATMS/4_ATMS_2474093d68d0c86eb2990108cab94015de22550b5226f334cd4daf0230b83ec7-1.jpg,0
ATMS/4_ATMS_dba65080fd4e401f1f08913711fe22ab2552c8028c108307ed558ff3cc8030e7-5.jpg,0
ATMS/4_ATMS_aea326c780fa8a5fbaee8d54a2b01eceef4e4f19108dcaa698a021cbcdc389ae-2.jpg,0
ATMS/4_ATMS_f8b18bfbe460e77ce27acbc661e50554e410ef75e5fef859d76993e92926c1a1-0.png,0
ATMS/4_ATMS_7156fc4803c447de21103ac032f520827b986fc01b6f658f887bf17315b76fcd-0.jpg,0
ATMS/4_ATMS_158cfeed79e71b1d0bef72a2316d8263882a73275e326e4f73df9b6e295f4d4b-3.jpg,1
ATMS/4_ATMS_2c3f9ed1b7a68a38b632a732fcc523ae69fa70df6d3aa4f34ddb15cc6218ae48-0.jpg,0
ATMS/4_ATMS_d9e6c3187fa14bfad109c85b98ce641bb6d61e4c4687eb2e87b583025c18fc2c-3.png,1
ATMS/4_ATMS_38cc9683fa55a1b1009547b23d0c36da982597917848c0a6a1bce17cdce9c4b5-4.jpg,0
ATMS/4_ATMS_91e380d067d16d3cdc8c8daa30d689560fdf3ac9c426973c44f6b1b6c4ba09e1-0.jpg,0
ATMS/4_ATMS_d577f870e9e8e235bea7c3043ce841fae686fa24ff0cd0b65c261ae02e7ab774-2.jpg,1
ATMS/4_ATMS_4483b42d53a9544404243f78d980bcc6c8ae2f81c815d2555298785c83e488ea-1.jpg,1
ATMS/4_ATMS_a614714200c6ffc901887854cd8fdcf296d16b5cad88251bdb4b2211e0ae11e4-5.jpg,0
ATMS/4_ATMS_2d75bec61dfe22525f7f2a58b002e45d71f3d797fd2f41ef5056fbe72adc941c-1.jpg,0
ATMS/4_ATMS_d9e6c3187fa14bfad109c85b98ce641bb6d61e4c4687eb2e87b583025c18fc2c-2.jpg,1
ATMS/4_ATMS_1395683b5a261d96d1ea2e8a7288d9d971006404d308f49d7a307d1b9bdf7d25-0.jpg,0
ATMS/4_ATMS_2d75bec61dfe22525f7f2a58b002e45d71f3d797fd2f41ef5056fbe72adc941c-0.jpg,0
ATMS/4_ATMS_a614714200c6ffc901887854cd8fdcf296d16b5cad88251bdb4b2211e0ae11e4-4.jpg,0
ATMS/4_ATMS_f30538427a41472f92f1f504fa5b6d7368579049150db7a01ab80ee84ffd894a-2.jpg,0
ATMS/4_ATMS_4483b42d53a9544404243f78d980bcc6c8ae2f81c815d2555298785c83e488ea-0.jpg,0
ATMS/4_ATMS_d183680f82d2c2398ec3f688eb7fbe81cd42ee18df598c0f5b459260f0318c55-2.jpg,0
ATMS/4_ATMS_d577f870e9e8e235bea7c3043ce841fae686fa24ff0cd0b65c261ae02e7ab774-3.jpg,0
ATMS/4_ATMS_0f28a13d14df4a91c54cfb7e61ee91f773b46b08850c92ed02dbd73e267e0529-2.jpg,0
ATMS/4_ATMS_91e380d067d16d3cdc8c8daa30d689560fdf3ac9c426973c44f6b1b6c4ba09e1-1.jpg,0
ATMS/4_ATMS_38cc9683fa55a1b1009547b23d0c36da982597917848c0a6a1bce17cdce9c4b5-5.jpg,1
ATMS/4_ATMS_973177d1ff39fddd47403c3d153e8b04d9e0e5c20605cde164ef1d34d017b472-2.jpg,1
ATMS/4_ATMS_2c3f9ed1b7a68a38b632a732fcc523ae69fa70df6d3aa4f34ddb15cc6218ae48-1.jpg,0
ATMS/4_ATMS_158cfeed79e71b1d0bef72a2316d8263882a73275e326e4f73df9b6e295f4d4b-2.jpg,0
ATMS/4_ATMS_f0cf823d8c340d62808624e40928f3a0654967a83c4f42dcfe053d651fb8f671-2.jpg,1
ATMS/4_ATMS_07a901510fb11c3bfe13f9a8ef241b61f3ac3be6dfb79c9e5170fefb4b581f2b-2.jpg,0
ATMS/4_ATMS_7156fc4803c447de21103ac032f520827b986fc01b6f658f887bf17315b76fcd-1.jpg,0
ATMS/4_ATMS_50ea4cc819d10d2fb76a70b66c351ae602cbb5b870f0f5e41f319461b55ed9fa-4.jpg,0
ATMS/4_ATMS_5a2c085d7986a4700e12e62af58abd195f7e2ffb265735a7c3ff40e0b9cbed1d-5.jpg,0
ATMS/4_ATMS_f8b18bfbe460e77ce27acbc661e50554e410ef75e5fef859d76993e92926c1a1-1.png,1
ATMS/4_ATMS_dba65080fd4e401f1f08913711fe22ab2552c8028c108307ed558ff3cc8030e7-4.jpg,0
ATMS/4_ATMS_cdb0acecac9c7bd9705a6a517e9b91054183e7eeae5a9def5a8b3efe5aa0fc24-3.jpg,0
ATMS/4_ATMS_c2957942301d66eac71b6ed13cdf5938fa4f443e68f4c1ca1a3685cd1457b54f-2.png,1
ATMS/4_ATMS_7f7f2a5c30865997025d454198e18263790ad7a6ce5a6fde3252f39124f2ef90-4.jpg,0
ATMS/4_ATMS_2474093d68d0c86eb2990108cab94015de22550b5226f334cd4daf0230b83ec7-0.jpg,1
ATMS/4_ATMS_6b275ca4299779bbf8e094d081321b56fceab71055da83413c027262aab642ad-1.jpg,0
ATMS/4_ATMS_2c6ec5714fa2d30ce7f8e2826068b193c8c765c6e87a040a40b08a65109ecd57-3.jpg,1
ATMS/4_ATMS_057b51d613b569ceceb6b67484a8867485997d9d9385939d17f77f31ee950a8b-3.png,1
ATMS/4_ATMS_6bd73d724f00986096f9bab83ebe61fef665c32e1e81fe1bad690ffa0b970c5c-0.jpg,1
ATMS/4_ATMS_8d782a516dc711ed4dc644f973689ac6e92a1e98738b3590c80ce3806885d21e-1.jpg,0
ATMS/4_ATMS_7f0d94fa03a9bbf22027de74fd74697e74bcb09eeb9dfcdaab273e71b071c337-5.jpg,0
ATMS/4_ATMS_1e2954889e6c348c135b56f473374d493d77ab56902a9df94dd8e3b66a165817-2.jpg,1
ATMS/4_ATMS_711db1c8985e502b1215cbb8a53b01e4c8b1bf06271a7f4b79712ffc98cdd798-1.png,1
ATMS/4_ATMS_50ea4cc819d10d2fb76a70b66c351ae602cbb5b870f0f5e41f319461b55ed9fa-0.png,0
ATMS/4_ATMS_6725e53ffc401f7eb1eab6f89dd1d31dbcda0249597e870c859c828db30bf53e-3.jpg,0
ATMS/4_ATMS_5a2c085d7986a4700e12e62af58abd195f7e2ffb265735a7c3ff40e0b9cbed1d-1.png,0
ATMS/4_ATMS_7f0d94fa03a9bbf22027de74fd74697e74bcb09eeb9dfcdaab273e71b071c337-1.jpg,0
ATMS/4_ATMS_8d782a516dc711ed4dc644f973689ac6e92a1e98738b3590c80ce3806885d21e-5.jpg,0
ATMS/4_ATMS_dba65080fd4e401f1f08913711fe22ab2552c8028c108307ed558ff3cc8030e7-0.jpg,0
ATMS/4_ATMS_3c680eefcc1d99df0e3e0399445cebad266f557bf1e565ab22ece42590fece2f-3.png,0
ATMS/4_ATMS_7f7f2a5c30865997025d454198e18263790ad7a6ce5a6fde3252f39124f2ef90-0.jpg,0
ATMS/4_ATMS_bb84814f3e486b05e18c7d1cb076478625c54dcba4e0a6034c261c2ccc0ab045-2.jpg,0
ATMS/4_ATMS_711db1c8985e502b1215cbb8a53b01e4c8b1bf06271a7f4b79712ffc98cdd798-5.jpg,0
ATMS/4_ATMS_025fef08d40f708a6ec483b9072a804b303d5c1b7e416b6a0613dbf71de0960d-2.jpg,0
ATMS/4_ATMS_34c3a9b353f288b9f850866a683b6508edd57cc15054d961a67a9fa2d94b7e28-3.jpg,1
ATMS/4_ATMS_38cc9683fa55a1b1009547b23d0c36da982597917848c0a6a1bce17cdce9c4b5-1.jpg,0
ATMS/4_ATMS_326bb630c88e066f937278c7f8afe754cbf3d7dc89e82b84834ea963b82ca8c6-3.jpg,0
ATMS/4_ATMS_c8e7319b37e1ffbad700f23e79ed3a5ae217d213c491b90494bb0317d9896009-2.jpg,0
ATMS/4_ATMS_91e380d067d16d3cdc8c8daa30d689560fdf3ac9c426973c44f6b1b6c4ba09e1-5.jpg,0
ATMS/4_ATMS_86a21df9b85a1f8a10673bb0c33ee52091b07eb30366f948a68c8d87673a607b-3.jpg,0
ATMS/4_ATMS_75d8aa115b478d91a87cc369e6c4c0e2cc325f0a859060a9f9cfc15d07776f24-0.jpg,0
ATMS/4_ATMS_4483b42d53a9544404243f78d980bcc6c8ae2f81c815d2555298785c83e488ea-4.jpg,0
ATMS/4_ATMS_1a88bab9de53b195ba27e57310820976d732e3eb83758ac592af06fdf3194e4e-0.jpg,0
ATMS/4_ATMS_7ff55ceb1e7f48eb6e41060bcc8ed57b8248038d7624cf2d5bed56d3259b147b-0.jpg,1
ATMS/4_ATMS_7933268797565d52198e4e1a58ba85a34d8bffecb7e4ea0e0f6662c5af90f7af-2.jpg,0
ATMS/4_ATMS_500009d2d2af47bfcde1bebe8c5d388e002510e2f392929420c0a0e886629f57-1.jpg,0
ATMS/4_ATMS_c7fa73b686093c63f278bb435863386f3b0b72677e9d1689e05931b9b52dac25-2.jpg,0
ATMS/4_ATMS_a614714200c6ffc901887854cd8fdcf296d16b5cad88251bdb4b2211e0ae11e4-0.jpg,0
ATMS/4_ATMS_2c3f9ed1b7a68a38b632a732fcc523ae69fa70df6d3aa4f34ddb15cc6218ae48-4.png,1
ATMS/4_ATMS_a614714200c6ffc901887854cd8fdcf296d16b5cad88251bdb4b2211e0ae11e4-1.jpg,0
ATMS/4_ATMS_42a12982b32fa5e5020a634e13fb52c31846bcaa519afb750ac7be6b4df2ac00-0.png,0
ATMS/4_ATMS_7933268797565d52198e4e1a58ba85a34d8bffecb7e4ea0e0f6662c5af90f7af-3.jpg,0
ATMS/4_ATMS_7ff55ceb1e7f48eb6e41060bcc8ed57b8248038d7624cf2d5bed56d3259b147b-1.jpg,0
ATMS/4_ATMS_1a88bab9de53b195ba27e57310820976d732e3eb83758ac592af06fdf3194e4e-1.jpg,0
ATMS/4_ATMS_7fb393a28dce0edad58776cd6dab840b204d87aa17a53972489a90eba191415e-2.jpg,0
ATMS/4_ATMS_75d8aa115b478d91a87cc369e6c4c0e2cc325f0a859060a9f9cfc15d07776f24-1.jpg,0
ATMS/4_ATMS_86a21df9b85a1f8a10673bb0c33ee52091b07eb30366f948a68c8d87673a607b-2.jpg,0
ATMS/4_ATMS_91e380d067d16d3cdc8c8daa30d689560fdf3ac9c426973c44f6b1b6c4ba09e1-4.jpg,0
ATMS/4_ATMS_34c3a9b353f288b9f850866a683b6508edd57cc15054d961a67a9fa2d94b7e28-2.jpg,0
ATMS/4_ATMS_c8e7319b37e1ffbad700f23e79ed3a5ae217d213c491b90494bb0317d9896009-3.jpg,1
ATMS/4_ATMS_326bb630c88e066f937278c7f8afe754cbf3d7dc89e82b84834ea963b82ca8c6-2.jpg,0
ATMS/4_ATMS_38cc9683fa55a1b1009547b23d0c36da982597917848c0a6a1bce17cdce9c4b5-0.jpg,0
ATMS/4_ATMS_025fef08d40f708a6ec483b9072a804b303d5c1b7e416b6a0613dbf71de0960d-3.jpg,0
ATMS/4_ATMS_5a2c085d7986a4700e12e62af58abd195f7e2ffb265735a7c3ff40e0b9cbed1d-0.jpg,0
ATMS/4_ATMS_bb84814f3e486b05e18c7d1cb076478625c54dcba4e0a6034c261c2ccc0ab045-3.jpg,0
ATMS/4_ATMS_50ea4cc819d10d2fb76a70b66c351ae602cbb5b870f0f5e41f319461b55ed9fa-1.jpg,0
ATMS/4_ATMS_7f7f2a5c30865997025d454198e18263790ad7a6ce5a6fde3252f39124f2ef90-1.jpg,0
ATMS/4_ATMS_3c680eefcc1d99df0e3e0399445cebad266f557bf1e565ab22ece42590fece2f-2.png,0
ATMS/4_ATMS_dba65080fd4e401f1f08913711fe22ab2552c8028c108307ed558ff3cc8030e7-1.jpg,0
ATMS/4_ATMS_d24143bba2f3e33736f0f02c8b56141ed403e10fe0f37fbe52d28edba3a55fc6-2.jpg,0
ATMS/4_ATMS_7f0d94fa03a9bbf22027de74fd74697e74bcb09eeb9dfcdaab273e71b071c337-0.jpg,0
ATMS/4_ATMS_8d782a516dc711ed4dc644f973689ac6e92a1e98738b3590c80ce3806885d21e-4.jpg,0
ATMS/4_ATMS_711db1c8985e502b1215cbb8a53b01e4c8b1bf06271a7f4b79712ffc98cdd798-4.png,0
ATMS/4_ATMS_6725e53ffc401f7eb1eab6f89dd1d31dbcda0249597e870c859c828db30bf53e-2.jpg,0
ATMS/4_ATMS_6725e53ffc401f7eb1eab6f89dd1d31dbcda0249597e870c859c828db30bf53e-0.jpg,0
ATMS/4_ATMS_bb84814f3e486b05e18c7d1cb076478625c54dcba4e0a6034c261c2ccc0ab045-1.png,1
ATMS/4_ATMS_7f0d94fa03a9bbf22027de74fd74697e74bcb09eeb9dfcdaab273e71b071c337-2.jpg,0
ATMS/4_ATMS_1e2954889e6c348c135b56f473374d493d77ab56902a9df94dd8e3b66a165817-5.jpg,0
ATMS/4_ATMS_5a2c085d7986a4700e12e62af58abd195f7e2ffb265735a7c3ff40e0b9cbed1d-2.png,1
ATMS/4_ATMS_d24143bba2f3e33736f0f02c8b56141ed403e10fe0f37fbe52d28edba3a55fc6-0.jpg,1
ATMS/4_ATMS_2c6ec5714fa2d30ce7f8e2826068b193c8c765c6e87a040a40b08a65109ecd57-4.png,0
ATMS/4_ATMS_3c680eefcc1d99df0e3e0399445cebad266f557bf1e565ab22ece42590fece2f-0.jpg,0
ATMS/4_ATMS_dba65080fd4e401f1f08913711fe22ab2552c8028c108307ed558ff3cc8030e7-3.jpg,0
ATMS/4_ATMS_cdb0acecac9c7bd9705a6a517e9b91054183e7eeae5a9def5a8b3efe5aa0fc24-4.jpg,0
ATMS/4_ATMS_7f7f2a5c30865997025d454198e18263790ad7a6ce5a6fde3252f39124f2ef90-3.jpg,0
ATMS/4_ATMS_057b51d613b569ceceb6b67484a8867485997d9d9385939d17f77f31ee950a8b-4.jpg,0
ATMS/4_ATMS_50ea4cc819d10d2fb76a70b66c351ae602cbb5b870f0f5e41f319461b55ed9fa-3.jpg,1
ATMS/4_ATMS_3ef6fd9c2e26b7db38c0b3ad278a48b8bce82c25aa141a4e4c1bdfe39e48c89c-0.jpg,0
ATMS/4_ATMS_a004425ee08fcd925bafae5419fe94e1aae50da81502efdef21e36061f40a35e-0.jpg,0
ATMS/4_ATMS_38cc9683fa55a1b1009547b23d0c36da982597917848c0a6a1bce17cdce9c4b5-2.jpg,0
ATMS/4_ATMS_326bb630c88e066f937278c7f8afe754cbf3d7dc89e82b84834ea963b82ca8c6-0.jpg,0
ATMS/4_ATMS_c8e7319b37e1ffbad700f23e79ed3a5ae217d213c491b90494bb0317d9896009-1.jpg,0
ATMS/4_ATMS_34c3a9b353f288b9f850866a683b6508edd57cc15054d961a67a9fa2d94b7e28-0.jpg,0
ATMS/4_ATMS_75d8aa115b478d91a87cc369e6c4c0e2cc325f0a859060a9f9cfc15d07776f24-3.jpg,0
ATMS/4_ATMS_4cc6e40b25a3bbd99d79692dcf56b1edce00b5aa7df5c2f5f0fc62a36245f2b8-0.jpg,0
ATMS/4_ATMS_86a21df9b85a1f8a10673bb0c33ee52091b07eb30366f948a68c8d87673a607b-0.jpg,0
ATMS/4_ATMS_67d8b0e54a83d1558aab514a73d20432868f90b6721e53d903148342c7806f0e-2.jpg,0
ATMS/4_ATMS_7fb393a28dce0edad58776cd6dab840b204d87aa17a53972489a90eba191415e-0.jpg,0
ATMS/4_ATMS_1a88bab9de53b195ba27e57310820976d732e3eb83758ac592af06fdf3194e4e-3.jpg,0
ATMS/4_ATMS_7ff55ceb1e7f48eb6e41060bcc8ed57b8248038d7624cf2d5bed56d3259b147b-3.jpg,0
ATMS/4_ATMS_7933268797565d52198e4e1a58ba85a34d8bffecb7e4ea0e0f6662c5af90f7af-1.jpg,0
ATMS/4_ATMS_a614714200c6ffc901887854cd8fdcf296d16b5cad88251bdb4b2211e0ae11e4-3.jpg,0
ATMS/4_ATMS_c7fa73b686093c63f278bb435863386f3b0b72677e9d1689e05931b9b52dac25-1.jpg,0
ATMS/4_ATMS_a614714200c6ffc901887854cd8fdcf296d16b5cad88251bdb4b2211e0ae11e4-2.jpg,1
ATMS/4_ATMS_d9e6c3187fa14bfad109c85b98ce641bb6d61e4c4687eb2e87b583025c18fc2c-4.jpg,0
ATMS/4_ATMS_d183680f82d2c2398ec3f688eb7fbe81cd42ee18df598c0f5b459260f0318c55-4.jpg,1
ATMS/4_ATMS_7933268797565d52198e4e1a58ba85a34d8bffecb7e4ea0e0f6662c5af90f7af-0.jpg,0
ATMS/4_ATMS_f30538427a41472f92f1f504fa5b6d7368579049150db7a01ab80ee84ffd894a-4.jpg,0
ATMS/4_ATMS_7fb393a28dce0edad58776cd6dab840b204d87aa17a53972489a90eba191415e-1.jpg,0
ATMS/4_ATMS_7ff55ceb1e7f48eb6e41060bcc8ed57b8248038d7624cf2d5bed56d3259b147b-2.jpg,0
ATMS/4_ATMS_1a88bab9de53b195ba27e57310820976d732e3eb83758ac592af06fdf3194e4e-2.jpg,0
ATMS/4_ATMS_86a21df9b85a1f8a10673bb0c33ee52091b07eb30366f948a68c8d87673a607b-1.jpg,0
ATMS/4_ATMS_75d8aa115b478d91a87cc369e6c4c0e2cc325f0a859060a9f9cfc15d07776f24-2.jpg,0
ATMS/4_ATMS_4cc6e40b25a3bbd99d79692dcf56b1edce00b5aa7df5c2f5f0fc62a36245f2b8-1.jpg,0
ATMS/4_ATMS_c7fa73b686093c63f278bb435863386f3b0b72677e9d1689e05931b9b52dac25-0.png,0
ATMS/4_ATMS_c8e7319b37e1ffbad700f23e79ed3a5ae217d213c491b90494bb0317d9896009-0.jpg,0
ATMS/4_ATMS_38cc9683fa55a1b1009547b23d0c36da982597917848c0a6a1bce17cdce9c4b5-3.jpg,1
ATMS/4_ATMS_a004425ee08fcd925bafae5419fe94e1aae50da81502efdef21e36061f40a35e-1.jpg,0
ATMS/4_ATMS_bb84814f3e486b05e18c7d1cb076478625c54dcba4e0a6034c261c2ccc0ab045-0.jpg,0
ATMS/4_ATMS_025fef08d40f708a6ec483b9072a804b303d5c1b7e416b6a0613dbf71de0960d-0.jpg,0
ATMS/4_ATMS_50ea4cc819d10d2fb76a70b66c351ae602cbb5b870f0f5e41f319461b55ed9fa-2.jpg,0
ATMS/4_ATMS_2c6ec5714fa2d30ce7f8e2826068b193c8c765c6e87a040a40b08a65109ecd57-5.jpg,1
ATMS/4_ATMS_7f7f2a5c30865997025d454198e18263790ad7a6ce5a6fde3252f39124f2ef90-2.jpg,0
ATMS/4_ATMS_cdb0acecac9c7bd9705a6a517e9b91054183e7eeae5a9def5a8b3efe5aa0fc24-5.jpg,1
ATMS/4_ATMS_dba65080fd4e401f1f08913711fe22ab2552c8028c108307ed558ff3cc8030e7-2.jpg,0
ATMS/4_ATMS_c2957942301d66eac71b6ed13cdf5938fa4f443e68f4c1ca1a3685cd1457b54f-4.jpg,0
ATMS/4_ATMS_3c680eefcc1d99df0e3e0399445cebad266f557bf1e565ab22ece42590fece2f-1.jpg,0
ATMS/4_ATMS_d24143bba2f3e33736f0f02c8b56141ed403e10fe0f37fbe52d28edba3a55fc6-1.jpg,0
ATMS/4_ATMS_1e2954889e6c348c135b56f473374d493d77ab56902a9df94dd8e3b66a165817-4.jpg,1
ATMS/4_ATMS_7f0d94fa03a9bbf22027de74fd74697e74bcb09eeb9dfcdaab273e71b071c337-3.jpg,1
ATMS/4_ATMS_6725e53ffc401f7eb1eab6f89dd1d31dbcda0249597e870c859c828db30bf53e-1.jpg,0
